"scenario","year","variable","value","units"
"exp2",1745,"CO2_concentration",277.15,"ppmv CO2"
"exp2",1746,"CO2_concentration",277.186921051235,"ppmv CO2"
"exp2",1747,"CO2_concentration",277.220148133465,"ppmv CO2"
"exp2",1748,"CO2_concentration",277.251131740508,"ppmv CO2"
"exp2",1749,"CO2_concentration",277.280261455092,"ppmv CO2"
"exp2",1750,"CO2_concentration",277.307800466551,"ppmv CO2"
"exp2",1751,"CO2_concentration",277.333913114204,"ppmv CO2"
"exp2",1752,"CO2_concentration",277.373436077682,"ppmv CO2"
"exp2",1753,"CO2_concentration",277.421601945086,"ppmv CO2"
"exp2",1754,"CO2_concentration",277.471255918034,"ppmv CO2"
"exp2",1755,"CO2_concentration",277.519373176253,"ppmv CO2"
"exp2",1756,"CO2_concentration",277.564089509891,"ppmv CO2"
"exp2",1757,"CO2_concentration",277.589827483687,"ppmv CO2"
"exp2",1758,"CO2_concentration",277.612368737474,"ppmv CO2"
"exp2",1759,"CO2_concentration",277.642965458397,"ppmv CO2"
"exp2",1760,"CO2_concentration",277.680032663164,"ppmv CO2"
"exp2",1761,"CO2_concentration",277.719702892452,"ppmv CO2"
"exp2",1762,"CO2_concentration",277.760337206946,"ppmv CO2"
"exp2",1763,"CO2_concentration",277.734651931714,"ppmv CO2"
"exp2",1764,"CO2_concentration",277.686972868732,"ppmv CO2"
"exp2",1765,"CO2_concentration",277.672751459873,"ppmv CO2"
"exp2",1766,"CO2_concentration",277.692210568055,"ppmv CO2"
"exp2",1767,"CO2_concentration",277.706506603092,"ppmv CO2"
"exp2",1768,"CO2_concentration",277.708486376227,"ppmv CO2"
"exp2",1769,"CO2_concentration",277.72386915234,"ppmv CO2"
"exp2",1770,"CO2_concentration",277.758091325217,"ppmv CO2"
"exp2",1771,"CO2_concentration",277.793678874104,"ppmv CO2"
"exp2",1772,"CO2_concentration",277.831196193255,"ppmv CO2"
"exp2",1773,"CO2_concentration",277.874886621678,"ppmv CO2"
"exp2",1774,"CO2_concentration",277.922792024917,"ppmv CO2"
"exp2",1775,"CO2_concentration",277.971031399287,"ppmv CO2"
"exp2",1776,"CO2_concentration",278.018805297577,"ppmv CO2"
"exp2",1777,"CO2_concentration",278.066088392416,"ppmv CO2"
"exp2",1778,"CO2_concentration",278.11206561319,"ppmv CO2"
"exp2",1779,"CO2_concentration",278.156439387633,"ppmv CO2"
"exp2",1780,"CO2_concentration",278.200067712535,"ppmv CO2"
"exp2",1781,"CO2_concentration",278.242572794139,"ppmv CO2"
"exp2",1782,"CO2_concentration",278.284851267907,"ppmv CO2"
"exp2",1783,"CO2_concentration",278.326939053776,"ppmv CO2"
"exp2",1784,"CO2_concentration",278.237708969804,"ppmv CO2"
"exp2",1785,"CO2_concentration",277.944497983846,"ppmv CO2"
"exp2",1786,"CO2_concentration",277.690088115381,"ppmv CO2"
"exp2",1787,"CO2_concentration",277.577574615237,"ppmv CO2"
"exp2",1788,"CO2_concentration",277.576199839602,"ppmv CO2"
"exp2",1789,"CO2_concentration",277.641720086098,"ppmv CO2"
"exp2",1790,"CO2_concentration",277.740919715465,"ppmv CO2"
"exp2",1791,"CO2_concentration",277.853423067818,"ppmv CO2"
"exp2",1792,"CO2_concentration",277.969731741966,"ppmv CO2"
"exp2",1793,"CO2_concentration",278.085405453197,"ppmv CO2"
"exp2",1794,"CO2_concentration",278.198567388067,"ppmv CO2"
"exp2",1795,"CO2_concentration",278.308073531989,"ppmv CO2"
"exp2",1796,"CO2_concentration",278.415115280734,"ppmv CO2"
"exp2",1797,"CO2_concentration",278.512212243697,"ppmv CO2"
"exp2",1798,"CO2_concentration",278.595308360073,"ppmv CO2"
"exp2",1799,"CO2_concentration",278.678021206926,"ppmv CO2"
"exp2",1800,"CO2_concentration",278.770145019422,"ppmv CO2"
"exp2",1801,"CO2_concentration",278.87071965012,"ppmv CO2"
"exp2",1802,"CO2_concentration",278.976541101267,"ppmv CO2"
"exp2",1803,"CO2_concentration",279.086217502018,"ppmv CO2"
"exp2",1804,"CO2_concentration",279.196969995753,"ppmv CO2"
"exp2",1805,"CO2_concentration",279.309605996686,"ppmv CO2"
"exp2",1806,"CO2_concentration",279.422864914403,"ppmv CO2"
"exp2",1807,"CO2_concentration",279.532671931745,"ppmv CO2"
"exp2",1808,"CO2_concentration",279.6401186834,"ppmv CO2"
"exp2",1809,"CO2_concentration",279.74428286295,"ppmv CO2"
"exp2",1810,"CO2_concentration",279.601697717248,"ppmv CO2"
"exp2",1811,"CO2_concentration",279.363912019754,"ppmv CO2"
"exp2",1812,"CO2_concentration",279.243152626754,"ppmv CO2"
"exp2",1813,"CO2_concentration",279.262918242339,"ppmv CO2"
"exp2",1814,"CO2_concentration",279.370064131489,"ppmv CO2"
"exp2",1815,"CO2_concentration",279.519267948443,"ppmv CO2"
"exp2",1816,"CO2_concentration",279.447723501792,"ppmv CO2"
"exp2",1817,"CO2_concentration",279.142992644278,"ppmv CO2"
"exp2",1818,"CO2_concentration",278.9333491396,"ppmv CO2"
"exp2",1819,"CO2_concentration",278.927345994696,"ppmv CO2"
"exp2",1820,"CO2_concentration",279.060448556156,"ppmv CO2"
"exp2",1821,"CO2_concentration",279.263215623687,"ppmv CO2"
"exp2",1822,"CO2_concentration",279.486413108356,"ppmv CO2"
"exp2",1823,"CO2_concentration",279.710158816996,"ppmv CO2"
"exp2",1824,"CO2_concentration",279.906615440263,"ppmv CO2"
"exp2",1825,"CO2_concentration",280.096997057372,"ppmv CO2"
"exp2",1826,"CO2_concentration",280.298567573093,"ppmv CO2"
"exp2",1827,"CO2_concentration",280.509138459179,"ppmv CO2"
"exp2",1828,"CO2_concentration",280.723658807956,"ppmv CO2"
"exp2",1829,"CO2_concentration",280.937272063056,"ppmv CO2"
"exp2",1830,"CO2_concentration",281.14895065462,"ppmv CO2"
"exp2",1831,"CO2_concentration",281.361433966632,"ppmv CO2"
"exp2",1832,"CO2_concentration",281.407217280009,"ppmv CO2"
"exp2",1833,"CO2_concentration",281.383227741846,"ppmv CO2"
"exp2",1834,"CO2_concentration",281.437885478773,"ppmv CO2"
"exp2",1835,"CO2_concentration",281.585127682513,"ppmv CO2"
"exp2",1836,"CO2_concentration",281.66943777576,"ppmv CO2"
"exp2",1837,"CO2_concentration",281.732517645608,"ppmv CO2"
"exp2",1838,"CO2_concentration",281.863971207002,"ppmv CO2"
"exp2",1839,"CO2_concentration",282.066265255109,"ppmv CO2"
"exp2",1840,"CO2_concentration",282.309747549003,"ppmv CO2"
"exp2",1841,"CO2_concentration",282.571910176159,"ppmv CO2"
"exp2",1842,"CO2_concentration",282.839545588911,"ppmv CO2"
"exp2",1843,"CO2_concentration",283.107588194703,"ppmv CO2"
"exp2",1844,"CO2_concentration",283.37402900363,"ppmv CO2"
"exp2",1845,"CO2_concentration",283.639481972521,"ppmv CO2"
"exp2",1846,"CO2_concentration",283.904093984731,"ppmv CO2"
"exp2",1847,"CO2_concentration",284.15476586832,"ppmv CO2"
"exp2",1848,"CO2_concentration",284.400434243605,"ppmv CO2"
"exp2",1849,"CO2_concentration",284.650496063764,"ppmv CO2"
"exp2",1850,"CO2_concentration",284.908169863379,"ppmv CO2"
"exp2",1851,"CO2_concentration",285.171644645908,"ppmv CO2"
"exp2",1852,"CO2_concentration",285.430979750846,"ppmv CO2"
"exp2",1853,"CO2_concentration",285.715349699811,"ppmv CO2"
"exp2",1854,"CO2_concentration",285.974422866116,"ppmv CO2"
"exp2",1855,"CO2_concentration",286.214569133678,"ppmv CO2"
"exp2",1856,"CO2_concentration",286.44934954735,"ppmv CO2"
"exp2",1857,"CO2_concentration",286.68746492156,"ppmv CO2"
"exp2",1858,"CO2_concentration",286.910563478034,"ppmv CO2"
"exp2",1859,"CO2_concentration",287.129980100285,"ppmv CO2"
"exp2",1860,"CO2_concentration",287.357457744502,"ppmv CO2"
"exp2",1861,"CO2_concentration",287.589989992821,"ppmv CO2"
"exp2",1862,"CO2_concentration",287.820918104117,"ppmv CO2"
"exp2",1863,"CO2_concentration",287.962613702675,"ppmv CO2"
"exp2",1864,"CO2_concentration",288.090617292971,"ppmv CO2"
"exp2",1865,"CO2_concentration",288.249451795105,"ppmv CO2"
"exp2",1866,"CO2_concentration",288.434388459205,"ppmv CO2"
"exp2",1867,"CO2_concentration",288.630981804877,"ppmv CO2"
"exp2",1868,"CO2_concentration",288.831174434581,"ppmv CO2"
"exp2",1869,"CO2_concentration",289.027744329945,"ppmv CO2"
"exp2",1870,"CO2_concentration",289.221910151518,"ppmv CO2"
"exp2",1871,"CO2_concentration",289.411172678301,"ppmv CO2"
"exp2",1872,"CO2_concentration",289.608179551405,"ppmv CO2"
"exp2",1873,"CO2_concentration",289.848044196974,"ppmv CO2"
"exp2",1874,"CO2_concentration",290.06493051657,"ppmv CO2"
"exp2",1875,"CO2_concentration",290.266404399436,"ppmv CO2"
"exp2",1876,"CO2_concentration",290.47174838097,"ppmv CO2"
"exp2",1877,"CO2_concentration",290.67481557122,"ppmv CO2"
"exp2",1878,"CO2_concentration",290.877478905285,"ppmv CO2"
"exp2",1879,"CO2_concentration",291.078226001792,"ppmv CO2"
"exp2",1880,"CO2_concentration",291.280266935874,"ppmv CO2"
"exp2",1881,"CO2_concentration",291.485229108295,"ppmv CO2"
"exp2",1882,"CO2_concentration",291.698091476584,"ppmv CO2"
"exp2",1883,"CO2_concentration",291.886246953182,"ppmv CO2"
"exp2",1884,"CO2_concentration",292.041189497727,"ppmv CO2"
"exp2",1885,"CO2_concentration",292.055128593882,"ppmv CO2"
"exp2",1886,"CO2_concentration",292.071389963247,"ppmv CO2"
"exp2",1887,"CO2_concentration",292.174920923751,"ppmv CO2"
"exp2",1888,"CO2_concentration",292.335080432026,"ppmv CO2"
"exp2",1889,"CO2_concentration",292.535690887575,"ppmv CO2"
"exp2",1890,"CO2_concentration",292.75059752308,"ppmv CO2"
"exp2",1891,"CO2_concentration",292.969455798663,"ppmv CO2"
"exp2",1892,"CO2_concentration",293.171294394113,"ppmv CO2"
"exp2",1893,"CO2_concentration",293.378743463778,"ppmv CO2"
"exp2",1894,"CO2_concentration",293.594559259403,"ppmv CO2"
"exp2",1895,"CO2_concentration",293.827386967105,"ppmv CO2"
"exp2",1896,"CO2_concentration",294.069292607851,"ppmv CO2"
"exp2",1897,"CO2_concentration",294.313035853829,"ppmv CO2"
"exp2",1898,"CO2_concentration",294.560407286874,"ppmv CO2"
"exp2",1899,"CO2_concentration",294.812387970312,"ppmv CO2"
"exp2",1900,"CO2_concentration",295.075266979681,"ppmv CO2"
"exp2",1901,"CO2_concentration",295.342461555696,"ppmv CO2"
"exp2",1902,"CO2_concentration",295.640321745838,"ppmv CO2"
"exp2",1903,"CO2_concentration",295.930830416382,"ppmv CO2"
"exp2",1904,"CO2_concentration",296.184641687825,"ppmv CO2"
"exp2",1905,"CO2_concentration",296.434081909936,"ppmv CO2"
"exp2",1906,"CO2_concentration",296.7482625477,"ppmv CO2"
"exp2",1907,"CO2_concentration",297.102085831372,"ppmv CO2"
"exp2",1908,"CO2_concentration",297.485066522568,"ppmv CO2"
"exp2",1909,"CO2_concentration",297.846109919188,"ppmv CO2"
"exp2",1910,"CO2_concentration",298.215378208646,"ppmv CO2"
"exp2",1911,"CO2_concentration",298.591690784963,"ppmv CO2"
"exp2",1912,"CO2_concentration",298.934265019711,"ppmv CO2"
"exp2",1913,"CO2_concentration",299.233456300452,"ppmv CO2"
"exp2",1914,"CO2_concentration",299.510006370723,"ppmv CO2"
"exp2",1915,"CO2_concentration",299.751175870005,"ppmv CO2"
"exp2",1916,"CO2_concentration",300.005271683272,"ppmv CO2"
"exp2",1917,"CO2_concentration",300.296488403522,"ppmv CO2"
"exp2",1918,"CO2_concentration",300.597003246358,"ppmv CO2"
"exp2",1919,"CO2_concentration",300.885269746913,"ppmv CO2"
"exp2",1920,"CO2_concentration",301.122665332807,"ppmv CO2"
"exp2",1921,"CO2_concentration",301.413374360345,"ppmv CO2"
"exp2",1922,"CO2_concentration",301.669234992912,"ppmv CO2"
"exp2",1923,"CO2_concentration",301.933488868988,"ppmv CO2"
"exp2",1924,"CO2_concentration",302.238796397533,"ppmv CO2"
"exp2",1925,"CO2_concentration",302.542870072005,"ppmv CO2"
"exp2",1926,"CO2_concentration",302.848148088385,"ppmv CO2"
"exp2",1927,"CO2_concentration",303.141373719233,"ppmv CO2"
"exp2",1928,"CO2_concentration",303.488822613251,"ppmv CO2"
"exp2",1929,"CO2_concentration",303.82323316591,"ppmv CO2"
"exp2",1930,"CO2_concentration",304.180854465691,"ppmv CO2"
"exp2",1931,"CO2_concentration",304.525613155879,"ppmv CO2"
"exp2",1932,"CO2_concentration",304.831024819675,"ppmv CO2"
"exp2",1933,"CO2_concentration",305.045096946725,"ppmv CO2"
"exp2",1934,"CO2_concentration",305.281841282478,"ppmv CO2"
"exp2",1935,"CO2_concentration",305.54895160868,"ppmv CO2"
"exp2",1936,"CO2_concentration",305.831161762899,"ppmv CO2"
"exp2",1937,"CO2_concentration",306.151648409289,"ppmv CO2"
"exp2",1938,"CO2_concentration",306.484182884189,"ppmv CO2"
"exp2",1939,"CO2_concentration",306.777639104339,"ppmv CO2"
"exp2",1940,"CO2_concentration",307.0974805592,"ppmv CO2"
"exp2",1941,"CO2_concentration",307.445317586687,"ppmv CO2"
"exp2",1942,"CO2_concentration",307.78328592826,"ppmv CO2"
"exp2",1943,"CO2_concentration",308.121030105247,"ppmv CO2"
"exp2",1944,"CO2_concentration",308.467351667842,"ppmv CO2"
"exp2",1945,"CO2_concentration",308.801973215401,"ppmv CO2"
"exp2",1946,"CO2_concentration",309.041647539382,"ppmv CO2"
"exp2",1947,"CO2_concentration",309.378692724512,"ppmv CO2"
"exp2",1948,"CO2_concentration",309.789352514255,"ppmv CO2"
"exp2",1949,"CO2_concentration",310.227208661301,"ppmv CO2"
"exp2",1950,"CO2_concentration",310.641953975485,"ppmv CO2"
"exp2",1951,"CO2_concentration",311.129932917122,"ppmv CO2"
"exp2",1952,"CO2_concentration",311.751514679922,"ppmv CO2"
"exp2",1953,"CO2_concentration",312.372568714269,"ppmv CO2"
"exp2",1954,"CO2_concentration",312.99335931235,"ppmv CO2"
"exp2",1955,"CO2_concentration",313.640682185102,"ppmv CO2"
"exp2",1956,"CO2_concentration",314.367820917,"ppmv CO2"
"exp2",1957,"CO2_concentration",315.157777509166,"ppmv CO2"
"exp2",1958,"CO2_concentration",315.968957173543,"ppmv CO2"
"exp2",1959,"CO2_concentration",316.811244578124,"ppmv CO2"
"exp2",1960,"CO2_concentration",317.66072311035,"ppmv CO2"
"exp2",1961,"CO2_concentration",318.531503753331,"ppmv CO2"
"exp2",1962,"CO2_concentration",319.405929120144,"ppmv CO2"
"exp2",1963,"CO2_concentration",320.281589865432,"ppmv CO2"
"exp2",1964,"CO2_concentration",321.138128100595,"ppmv CO2"
"exp2",1965,"CO2_concentration",321.996488805189,"ppmv CO2"
"exp2",1966,"CO2_concentration",322.928985383774,"ppmv CO2"
"exp2",1967,"CO2_concentration",323.953819492065,"ppmv CO2"
"exp2",1968,"CO2_concentration",325.036371807633,"ppmv CO2"
"exp2",1969,"CO2_concentration",326.160191760189,"ppmv CO2"
"exp2",1970,"CO2_concentration",327.358797854519,"ppmv CO2"
"exp2",1971,"CO2_concentration",328.633687822425,"ppmv CO2"
"exp2",1972,"CO2_concentration",329.884775737708,"ppmv CO2"
"exp2",1973,"CO2_concentration",331.149582789509,"ppmv CO2"
"exp2",1974,"CO2_concentration",332.504434610617,"ppmv CO2"
"exp2",1975,"CO2_concentration",333.795722649834,"ppmv CO2"
"exp2",1976,"CO2_concentration",335.029719103797,"ppmv CO2"
"exp2",1977,"CO2_concentration",336.361548534987,"ppmv CO2"
"exp2",1978,"CO2_concentration",337.762082548951,"ppmv CO2"
"exp2",1979,"CO2_concentration",339.208953138437,"ppmv CO2"
"exp2",1980,"CO2_concentration",340.666374837982,"ppmv CO2"
"exp2",1981,"CO2_concentration",342.0444427172,"ppmv CO2"
"exp2",1982,"CO2_concentration",343.345497748479,"ppmv CO2"
"exp2",1983,"CO2_concentration",344.577565696842,"ppmv CO2"
"exp2",1984,"CO2_concentration",345.815887663634,"ppmv CO2"
"exp2",1985,"CO2_concentration",347.1012320757,"ppmv CO2"
"exp2",1986,"CO2_concentration",348.442945967997,"ppmv CO2"
"exp2",1987,"CO2_concentration",349.844532886264,"ppmv CO2"
"exp2",1988,"CO2_concentration",351.295059275096,"ppmv CO2"
"exp2",1989,"CO2_concentration",352.813284903696,"ppmv CO2"
"exp2",1990,"CO2_concentration",354.352272647676,"ppmv CO2"
"exp2",1991,"CO2_concentration",355.815610434574,"ppmv CO2"
"exp2",1992,"CO2_concentration",357.295371808913,"ppmv CO2"
"exp2",1993,"CO2_concentration",358.60098944774,"ppmv CO2"
"exp2",1994,"CO2_concentration",359.810192444792,"ppmv CO2"
"exp2",1995,"CO2_concentration",361.126936644958,"ppmv CO2"
"exp2",1996,"CO2_concentration",362.575555184969,"ppmv CO2"
"exp2",1997,"CO2_concentration",364.113580975283,"ppmv CO2"
"exp2",1998,"CO2_concentration",366.027813075566,"ppmv CO2"
"exp2",1999,"CO2_concentration",367.671662603029,"ppmv CO2"
"exp2",2000,"CO2_concentration",369.271613610931,"ppmv CO2"
"exp2",2001,"CO2_concentration",370.957519978714,"ppmv CO2"
"exp2",2002,"CO2_concentration",372.572204393093,"ppmv CO2"
"exp2",2003,"CO2_concentration",374.296407081382,"ppmv CO2"
"exp2",2004,"CO2_concentration",376.079225906008,"ppmv CO2"
"exp2",2005,"CO2_concentration",378.084066009442,"ppmv CO2"
"exp2",2006,"CO2_concentration",380.185317798752,"ppmv CO2"
"exp2",2007,"CO2_concentration",382.405399964279,"ppmv CO2"
"exp2",2008,"CO2_concentration",384.689974351692,"ppmv CO2"
"exp2",2009,"CO2_concentration",386.844398270612,"ppmv CO2"
"exp2",2010,"CO2_concentration",388.954499293838,"ppmv CO2"
"exp2",2011,"CO2_concentration",391.290327578756,"ppmv CO2"
"exp2",2012,"CO2_concentration",393.743010890401,"ppmv CO2"
"exp2",2013,"CO2_concentration",396.252880584812,"ppmv CO2"
"exp2",2014,"CO2_concentration",398.843670738877,"ppmv CO2"
"exp2",2015,"CO2_concentration",401.513253070891,"ppmv CO2"
"exp2",1745,"gmst",-0.240315935761981,"relative to 1951-1980"
"exp2",1746,"gmst",-0.240315935761981,"relative to 1951-1980"
"exp2",1747,"gmst",-0.240315935761981,"relative to 1951-1980"
"exp2",1748,"gmst",-0.240315935761981,"relative to 1951-1980"
"exp2",1749,"gmst",-0.240315935761981,"relative to 1951-1980"
"exp2",1750,"gmst",-0.240315935761981,"relative to 1951-1980"
"exp2",1751,"gmst",-0.222639009414852,"relative to 1951-1980"
"exp2",1752,"gmst",-0.206285031680331,"relative to 1951-1980"
"exp2",1753,"gmst",-0.194541245161839,"relative to 1951-1980"
"exp2",1754,"gmst",-0.186315920769283,"relative to 1951-1980"
"exp2",1755,"gmst",-0.181605132393398,"relative to 1951-1980"
"exp2",1756,"gmst",-0.198473907550702,"relative to 1951-1980"
"exp2",1757,"gmst",-0.202457084489606,"relative to 1951-1980"
"exp2",1758,"gmst",-0.19535519602888,"relative to 1951-1980"
"exp2",1759,"gmst",-0.186505678810084,"relative to 1951-1980"
"exp2",1760,"gmst",-0.179313908525113,"relative to 1951-1980"
"exp2",1761,"gmst",-0.173121439583087,"relative to 1951-1980"
"exp2",1762,"gmst",-0.25136791037482,"relative to 1951-1980"
"exp2",1763,"gmst",-0.296320155812312,"relative to 1951-1980"
"exp2",1764,"gmst",-0.285831746352805,"relative to 1951-1980"
"exp2",1765,"gmst",-0.260576561522865,"relative to 1951-1980"
"exp2",1766,"gmst",-0.267392534237297,"relative to 1951-1980"
"exp2",1767,"gmst",-0.28220245637665,"relative to 1951-1980"
"exp2",1768,"gmst",-0.270917627816915,"relative to 1951-1980"
"exp2",1769,"gmst",-0.249023381990066,"relative to 1951-1980"
"exp2",1770,"gmst",-0.240712316654372,"relative to 1951-1980"
"exp2",1771,"gmst",-0.230581862369985,"relative to 1951-1980"
"exp2",1772,"gmst",-0.215666824356509,"relative to 1951-1980"
"exp2",1773,"gmst",-0.201494431783672,"relative to 1951-1980"
"exp2",1774,"gmst",-0.19097590851443,"relative to 1951-1980"
"exp2",1775,"gmst",-0.181960017671531,"relative to 1951-1980"
"exp2",1776,"gmst",-0.174243977203816,"relative to 1951-1980"
"exp2",1777,"gmst",-0.168239475146282,"relative to 1951-1980"
"exp2",1778,"gmst",-0.163677137930551,"relative to 1951-1980"
"exp2",1779,"gmst",-0.159447669065173,"relative to 1951-1980"
"exp2",1780,"gmst",-0.15650044973829,"relative to 1951-1980"
"exp2",1781,"gmst",-0.153452761895132,"relative to 1951-1980"
"exp2",1782,"gmst",-0.150598242387199,"relative to 1951-1980"
"exp2",1783,"gmst",-0.313304999970409,"relative to 1951-1980"
"exp2",1784,"gmst",-0.63242558069859,"relative to 1951-1980"
"exp2",1785,"gmst",-0.695062845238253,"relative to 1951-1980"
"exp2",1786,"gmst",-0.631555901401895,"relative to 1951-1980"
"exp2",1787,"gmst",-0.54444775726002,"relative to 1951-1980"
"exp2",1788,"gmst",-0.464415542722378,"relative to 1951-1980"
"exp2",1789,"gmst",-0.399521734642581,"relative to 1951-1980"
"exp2",1790,"gmst",-0.349760910485749,"relative to 1951-1980"
"exp2",1791,"gmst",-0.311095848986794,"relative to 1951-1980"
"exp2",1792,"gmst",-0.280843645719108,"relative to 1951-1980"
"exp2",1793,"gmst",-0.257258352452857,"relative to 1951-1980"
"exp2",1794,"gmst",-0.239727516728542,"relative to 1951-1980"
"exp2",1795,"gmst",-0.224969611882088,"relative to 1951-1980"
"exp2",1796,"gmst",-0.224283694141399,"relative to 1951-1980"
"exp2",1797,"gmst",-0.23387362582547,"relative to 1951-1980"
"exp2",1798,"gmst",-0.232195085963326,"relative to 1951-1980"
"exp2",1799,"gmst",-0.220759904899882,"relative to 1951-1980"
"exp2",1800,"gmst",-0.208180468132124,"relative to 1951-1980"
"exp2",1801,"gmst",-0.196596181179571,"relative to 1951-1980"
"exp2",1802,"gmst",-0.187010538219378,"relative to 1951-1980"
"exp2",1803,"gmst",-0.178544503591986,"relative to 1951-1980"
"exp2",1804,"gmst",-0.170837577010363,"relative to 1951-1980"
"exp2",1805,"gmst",-0.165066792824477,"relative to 1951-1980"
"exp2",1806,"gmst",-0.159710571816629,"relative to 1951-1980"
"exp2",1807,"gmst",-0.155125361770387,"relative to 1951-1980"
"exp2",1808,"gmst",-0.151937183993781,"relative to 1951-1980"
"exp2",1809,"gmst",-0.476247719243114,"relative to 1951-1980"
"exp2",1810,"gmst",-0.670897628973724,"relative to 1951-1980"
"exp2",1811,"gmst",-0.646233880469059,"relative to 1951-1980"
"exp2",1812,"gmst",-0.553652844170764,"relative to 1951-1980"
"exp2",1813,"gmst",-0.46517245794792,"relative to 1951-1980"
"exp2",1814,"gmst",-0.396004247197084,"relative to 1951-1980"
"exp2",1815,"gmst",-0.667405401716616,"relative to 1951-1980"
"exp2",1816,"gmst",-1.01072106306452,"relative to 1951-1980"
"exp2",1817,"gmst",-1.01522102643702,"relative to 1951-1980"
"exp2",1818,"gmst",-0.875532418527783,"relative to 1951-1980"
"exp2",1819,"gmst",-0.729951252410904,"relative to 1951-1980"
"exp2",1820,"gmst",-0.611880943841316,"relative to 1951-1980"
"exp2",1821,"gmst",-0.530477454645705,"relative to 1951-1980"
"exp2",1822,"gmst",-0.470551114247545,"relative to 1951-1980"
"exp2",1823,"gmst",-0.454959358400487,"relative to 1951-1980"
"exp2",1824,"gmst",-0.42368719979377,"relative to 1951-1980"
"exp2",1825,"gmst",-0.382125097102782,"relative to 1951-1980"
"exp2",1826,"gmst",-0.342839740057216,"relative to 1951-1980"
"exp2",1827,"gmst",-0.310110776454995,"relative to 1951-1980"
"exp2",1828,"gmst",-0.284438819704969,"relative to 1951-1980"
"exp2",1829,"gmst",-0.262929435433961,"relative to 1951-1980"
"exp2",1830,"gmst",-0.245141479279815,"relative to 1951-1980"
"exp2",1831,"gmst",-0.453492370927763,"relative to 1951-1980"
"exp2",1832,"gmst",-0.572429808776226,"relative to 1951-1980"
"exp2",1833,"gmst",-0.545577314952319,"relative to 1951-1980"
"exp2",1834,"gmst",-0.476004952387572,"relative to 1951-1980"
"exp2",1835,"gmst",-0.573646941196326,"relative to 1951-1980"
"exp2",1836,"gmst",-0.617325327823834,"relative to 1951-1980"
"exp2",1837,"gmst",-0.564923904582031,"relative to 1951-1980"
"exp2",1838,"gmst",-0.489127535757513,"relative to 1951-1980"
"exp2",1839,"gmst",-0.421740946186686,"relative to 1951-1980"
"exp2",1840,"gmst",-0.368275575884345,"relative to 1951-1980"
"exp2",1841,"gmst",-0.326677258243913,"relative to 1951-1980"
"exp2",1842,"gmst",-0.293874695650088,"relative to 1951-1980"
"exp2",1843,"gmst",-0.266869353662058,"relative to 1951-1980"
"exp2",1844,"gmst",-0.244371972342982,"relative to 1951-1980"
"exp2",1845,"gmst",-0.226466948664111,"relative to 1951-1980"
"exp2",1846,"gmst",-0.227605122305608,"relative to 1951-1980"
"exp2",1847,"gmst",-0.224528727387351,"relative to 1951-1980"
"exp2",1848,"gmst",-0.212970415031823,"relative to 1951-1980"
"exp2",1849,"gmst",-0.198857324767776,"relative to 1951-1980"
"exp2",1850,"gmst",-0.186061184877363,"relative to 1951-1980"
"exp2",1851,"gmst",-0.174000873186846,"relative to 1951-1980"
"exp2",1852,"gmst",-0.163540800199201,"relative to 1951-1980"
"exp2",1853,"gmst",-0.169784564224602,"relative to 1951-1980"
"exp2",1854,"gmst",-0.179568846292223,"relative to 1951-1980"
"exp2",1855,"gmst",-0.173392341281574,"relative to 1951-1980"
"exp2",1856,"gmst",-0.16490857723595,"relative to 1951-1980"
"exp2",1857,"gmst",-0.173484753183466,"relative to 1951-1980"
"exp2",1858,"gmst",-0.169538745524849,"relative to 1951-1980"
"exp2",1859,"gmst",-0.157422705625924,"relative to 1951-1980"
"exp2",1860,"gmst",-0.144993750831111,"relative to 1951-1980"
"exp2",1861,"gmst",-0.140015209204173,"relative to 1951-1980"
"exp2",1862,"gmst",-0.204488219938981,"relative to 1951-1980"
"exp2",1863,"gmst",-0.227768993158681,"relative to 1951-1980"
"exp2",1864,"gmst",-0.210133914164498,"relative to 1951-1980"
"exp2",1865,"gmst",-0.184358924303009,"relative to 1951-1980"
"exp2",1866,"gmst",-0.160902645311679,"relative to 1951-1980"
"exp2",1867,"gmst",-0.142520977127925,"relative to 1951-1980"
"exp2",1868,"gmst",-0.128666214485561,"relative to 1951-1980"
"exp2",1869,"gmst",-0.116927338311608,"relative to 1951-1980"
"exp2",1870,"gmst",-0.10767352686049,"relative to 1951-1980"
"exp2",1871,"gmst",-0.0991993884141261,"relative to 1951-1980"
"exp2",1872,"gmst",-0.0916710815505276,"relative to 1951-1980"
"exp2",1873,"gmst",-0.105118910080286,"relative to 1951-1980"
"exp2",1874,"gmst",-0.106759310467743,"relative to 1951-1980"
"exp2",1875,"gmst",-0.102697656131835,"relative to 1951-1980"
"exp2",1876,"gmst",-0.0983119398869912,"relative to 1951-1980"
"exp2",1877,"gmst",-0.0908460869541415,"relative to 1951-1980"
"exp2",1878,"gmst",-0.0828405483623978,"relative to 1951-1980"
"exp2",1879,"gmst",-0.0765194887401637,"relative to 1951-1980"
"exp2",1880,"gmst",-0.0749660539888324,"relative to 1951-1980"
"exp2",1881,"gmst",-0.0739626074097143,"relative to 1951-1980"
"exp2",1882,"gmst",-0.0688867771563055,"relative to 1951-1980"
"exp2",1883,"gmst",-0.110681539269778,"relative to 1951-1980"
"exp2",1884,"gmst",-0.286318148672281,"relative to 1951-1980"
"exp2",1885,"gmst",-0.32915082606164,"relative to 1951-1980"
"exp2",1886,"gmst",-0.289988069304498,"relative to 1951-1980"
"exp2",1887,"gmst",-0.251208910430742,"relative to 1951-1980"
"exp2",1888,"gmst",-0.211273780828964,"relative to 1951-1980"
"exp2",1889,"gmst",-0.1753420572514,"relative to 1951-1980"
"exp2",1890,"gmst",-0.159901989438648,"relative to 1951-1980"
"exp2",1891,"gmst",-0.165262149145904,"relative to 1951-1980"
"exp2",1892,"gmst",-0.153678049016592,"relative to 1951-1980"
"exp2",1893,"gmst",-0.131321233449722,"relative to 1951-1980"
"exp2",1894,"gmst",-0.113402488156813,"relative to 1951-1980"
"exp2",1895,"gmst",-0.0996148428866994,"relative to 1951-1980"
"exp2",1896,"gmst",-0.08848424976069,"relative to 1951-1980"
"exp2",1897,"gmst",-0.0801767664742938,"relative to 1951-1980"
"exp2",1898,"gmst",-0.0735616833557684,"relative to 1951-1980"
"exp2",1899,"gmst",-0.0695293395985693,"relative to 1951-1980"
"exp2",1900,"gmst",-0.0663054515090782,"relative to 1951-1980"
"exp2",1901,"gmst",-0.06292520684302,"relative to 1951-1980"
"exp2",1902,"gmst",-0.0690032184526521,"relative to 1951-1980"
"exp2",1903,"gmst",-0.148677301253289,"relative to 1951-1980"
"exp2",1904,"gmst",-0.178335150040228,"relative to 1951-1980"
"exp2",1905,"gmst",-0.161571242088215,"relative to 1951-1980"
"exp2",1906,"gmst",-0.136422840125897,"relative to 1951-1980"
"exp2",1907,"gmst",-0.130318792029304,"relative to 1951-1980"
"exp2",1908,"gmst",-0.12063207152145,"relative to 1951-1980"
"exp2",1909,"gmst",-0.105922096762525,"relative to 1951-1980"
"exp2",1910,"gmst",-0.0950143465352933,"relative to 1951-1980"
"exp2",1911,"gmst",-0.0853032985021091,"relative to 1951-1980"
"exp2",1912,"gmst",-0.118082141772875,"relative to 1951-1980"
"exp2",1913,"gmst",-0.155547594713496,"relative to 1951-1980"
"exp2",1914,"gmst",-0.150782138370673,"relative to 1951-1980"
"exp2",1915,"gmst",-0.127233015484821,"relative to 1951-1980"
"exp2",1916,"gmst",-0.107541385880936,"relative to 1951-1980"
"exp2",1917,"gmst",-0.093955524140372,"relative to 1951-1980"
"exp2",1918,"gmst",-0.083049354037998,"relative to 1951-1980"
"exp2",1919,"gmst",-0.0690938798662761,"relative to 1951-1980"
"exp2",1920,"gmst",-0.0595425216244242,"relative to 1951-1980"
"exp2",1921,"gmst",-0.0460716793327311,"relative to 1951-1980"
"exp2",1922,"gmst",-0.0440455442389019,"relative to 1951-1980"
"exp2",1923,"gmst",-0.0453094668419372,"relative to 1951-1980"
"exp2",1924,"gmst",-0.0378560174080741,"relative to 1951-1980"
"exp2",1925,"gmst",-0.0302241453482718,"relative to 1951-1980"
"exp2",1926,"gmst",-0.0238790373840852,"relative to 1951-1980"
"exp2",1927,"gmst",-0.0204712529392348,"relative to 1951-1980"
"exp2",1928,"gmst",-0.0192650827751733,"relative to 1951-1980"
"exp2",1929,"gmst",-0.0342559023325205,"relative to 1951-1980"
"exp2",1930,"gmst",-0.0290052667883681,"relative to 1951-1980"
"exp2",1931,"gmst",-0.0146103282661427,"relative to 1951-1980"
"exp2",1932,"gmst",-0.0121597553148028,"relative to 1951-1980"
"exp2",1933,"gmst",-0.00265189056687956,"relative to 1951-1980"
"exp2",1934,"gmst",0.00673792031153772,"relative to 1951-1980"
"exp2",1935,"gmst",0.0125346880410359,"relative to 1951-1980"
"exp2",1936,"gmst",0.0146659959203565,"relative to 1951-1980"
"exp2",1937,"gmst",0.0148308278939536,"relative to 1951-1980"
"exp2",1938,"gmst",0.0194668196232053,"relative to 1951-1980"
"exp2",1939,"gmst",0.0216213357848621,"relative to 1951-1980"
"exp2",1940,"gmst",0.0209932784443655,"relative to 1951-1980"
"exp2",1941,"gmst",0.0200578792950201,"relative to 1951-1980"
"exp2",1942,"gmst",0.0188358342451727,"relative to 1951-1980"
"exp2",1943,"gmst",0.0190094282884524,"relative to 1951-1980"
"exp2",1944,"gmst",0.0212267635794193,"relative to 1951-1980"
"exp2",1945,"gmst",0.029715838004107,"relative to 1951-1980"
"exp2",1946,"gmst",0.0389962713315391,"relative to 1951-1980"
"exp2",1947,"gmst",0.0427167526332203,"relative to 1951-1980"
"exp2",1948,"gmst",0.0441437598345444,"relative to 1951-1980"
"exp2",1949,"gmst",0.0470344050538818,"relative to 1951-1980"
"exp2",1950,"gmst",0.0452166488672437,"relative to 1951-1980"
"exp2",1951,"gmst",0.0447167642507842,"relative to 1951-1980"
"exp2",1952,"gmst",0.0448467938075635,"relative to 1951-1980"
"exp2",1953,"gmst",0.0452191255183723,"relative to 1951-1980"
"exp2",1954,"gmst",0.0473567799248035,"relative to 1951-1980"
"exp2",1955,"gmst",0.0471025751194852,"relative to 1951-1980"
"exp2",1956,"gmst",0.0441068395501305,"relative to 1951-1980"
"exp2",1957,"gmst",0.0404207195601656,"relative to 1951-1980"
"exp2",1958,"gmst",0.041361911535925,"relative to 1951-1980"
"exp2",1959,"gmst",0.0423363600059613,"relative to 1951-1980"
"exp2",1960,"gmst",0.043043558833999,"relative to 1951-1980"
"exp2",1961,"gmst",0.0343410801095313,"relative to 1951-1980"
"exp2",1962,"gmst",0.014516406419475,"relative to 1951-1980"
"exp2",1963,"gmst",-0.0711907741516482,"relative to 1951-1980"
"exp2",1964,"gmst",-0.133835067312783,"relative to 1951-1980"
"exp2",1965,"gmst",-0.146679143511653,"relative to 1951-1980"
"exp2",1966,"gmst",-0.11332813426471,"relative to 1951-1980"
"exp2",1967,"gmst",-0.0993266370293263,"relative to 1951-1980"
"exp2",1968,"gmst",-0.0845736915292163,"relative to 1951-1980"
"exp2",1969,"gmst",-0.0632374172618067,"relative to 1951-1980"
"exp2",1970,"gmst",-0.0467586811234184,"relative to 1951-1980"
"exp2",1971,"gmst",-0.0408643758365524,"relative to 1951-1980"
"exp2",1972,"gmst",-0.0301615208363412,"relative to 1951-1980"
"exp2",1973,"gmst",-0.00841215634126924,"relative to 1951-1980"
"exp2",1974,"gmst",0.010378809098556,"relative to 1951-1980"
"exp2",1975,"gmst",0.00254956210395008,"relative to 1951-1980"
"exp2",1976,"gmst",0.0157251731791712,"relative to 1951-1980"
"exp2",1977,"gmst",0.0418996720663272,"relative to 1951-1980"
"exp2",1978,"gmst",0.0698016005293582,"relative to 1951-1980"
"exp2",1979,"gmst",0.094401989448613,"relative to 1951-1980"
"exp2",1980,"gmst",0.114241878136553,"relative to 1951-1980"
"exp2",1981,"gmst",0.134068428856186,"relative to 1951-1980"
"exp2",1982,"gmst",0.131119023216835,"relative to 1951-1980"
"exp2",1983,"gmst",0.0877471886171566,"relative to 1951-1980"
"exp2",1984,"gmst",0.0946160551916988,"relative to 1951-1980"
"exp2",1985,"gmst",0.131635977623093,"relative to 1951-1980"
"exp2",1986,"gmst",0.168035250505165,"relative to 1951-1980"
"exp2",1987,"gmst",0.203203622131845,"relative to 1951-1980"
"exp2",1988,"gmst",0.240115198550126,"relative to 1951-1980"
"exp2",1989,"gmst",0.277727981414623,"relative to 1951-1980"
"exp2",1990,"gmst",0.311154178998163,"relative to 1951-1980"
"exp2",1991,"gmst",0.283612395112401,"relative to 1951-1980"
"exp2",1992,"gmst",0.153539019560767,"relative to 1951-1980"
"exp2",1993,"gmst",0.126463398082426,"relative to 1951-1980"
"exp2",1994,"gmst",0.189194226101793,"relative to 1951-1980"
"exp2",1995,"gmst",0.26902109719494,"relative to 1951-1980"
"exp2",1996,"gmst",0.340716766899215,"relative to 1951-1980"
"exp2",1997,"gmst",0.389001574184187,"relative to 1951-1980"
"exp2",1998,"gmst",0.431375875317498,"relative to 1951-1980"
"exp2",1999,"gmst",0.481167483826024,"relative to 1951-1980"
"exp2",2000,"gmst",0.52782306152199,"relative to 1951-1980"
"exp2",2001,"gmst",0.567556630822818,"relative to 1951-1980"
"exp2",2002,"gmst",0.596104585604951,"relative to 1951-1980"
"exp2",2003,"gmst",0.617980320020167,"relative to 1951-1980"
"exp2",2004,"gmst",0.641293202605985,"relative to 1951-1980"
"exp2",2005,"gmst",0.660394018498304,"relative to 1951-1980"
"exp2",2006,"gmst",0.674929992636109,"relative to 1951-1980"
"exp2",2007,"gmst",0.695303757744699,"relative to 1951-1980"
"exp2",2008,"gmst",0.722215787262344,"relative to 1951-1980"
"exp2",2009,"gmst",0.749366909991319,"relative to 1951-1980"
"exp2",2010,"gmst",0.777413374516784,"relative to 1951-1980"
"exp2",2011,"gmst",0.803885758351034,"relative to 1951-1980"
"exp2",2012,"gmst",0.829315897369613,"relative to 1951-1980"
"exp2",2013,"gmst",0.860060467909299,"relative to 1951-1980"
"exp2",2014,"gmst",0.885615387157227,"relative to 1951-1980"
"exp2",2015,"gmst",0.920359205914843,"relative to 1951-1980"
"exp2",1745,"OHC",-360.048621010014,"2005-2014 base period"
"exp2",1746,"OHC",-360.048621010014,"2005-2014 base period"
"exp2",1747,"OHC",-360.048621010014,"2005-2014 base period"
"exp2",1748,"OHC",-360.048621010014,"2005-2014 base period"
"exp2",1749,"OHC",-360.048621010014,"2005-2014 base period"
"exp2",1750,"OHC",-360.048621010014,"2005-2014 base period"
"exp2",1751,"OHC",-358.728084914329,"2005-2014 base period"
"exp2",1752,"OHC",-356.19555104261,"2005-2014 base period"
"exp2",1753,"OHC",-353.894880056426,"2005-2014 base period"
"exp2",1754,"OHC",-351.881221624201,"2005-2014 base period"
"exp2",1755,"OHC",-350.219644537662,"2005-2014 base period"
"exp2",1756,"OHC",-350.347082582146,"2005-2014 base period"
"exp2",1757,"OHC",-351.093949301328,"2005-2014 base period"
"exp2",1758,"OHC",-350.312695815378,"2005-2014 base period"
"exp2",1759,"OHC",-348.816205592069,"2005-2014 base period"
"exp2",1760,"OHC",-347.22639360478,"2005-2014 base period"
"exp2",1761,"OHC",-345.681634468093,"2005-2014 base period"
"exp2",1762,"OHC",-350.411666924437,"2005-2014 base period"
"exp2",1763,"OHC",-358.849349430357,"2005-2014 base period"
"exp2",1764,"OHC",-361.626305605517,"2005-2014 base period"
"exp2",1765,"OHC",-360.330359986197,"2005-2014 base period"
"exp2",1766,"OHC",-360.195100375594,"2005-2014 base period"
"exp2",1767,"OHC",-362.396043076229,"2005-2014 base period"
"exp2",1768,"OHC",-363.072537585431,"2005-2014 base period"
"exp2",1769,"OHC",-361.272831892493,"2005-2014 base period"
"exp2",1770,"OHC",-359.603984526877,"2005-2014 base period"
"exp2",1771,"OHC",-358.37063917542,"2005-2014 base period"
"exp2",1772,"OHC",-356.400870321701,"2005-2014 base period"
"exp2",1773,"OHC",-354.026009576206,"2005-2014 base period"
"exp2",1774,"OHC",-351.775284651867,"2005-2014 base period"
"exp2",1775,"OHC",-349.700638436336,"2005-2014 base period"
"exp2",1776,"OHC",-347.704726618964,"2005-2014 base period"
"exp2",1777,"OHC",-345.85628561673,"2005-2014 base period"
"exp2",1778,"OHC",-344.185996422351,"2005-2014 base period"
"exp2",1779,"OHC",-342.618029702898,"2005-2014 base period"
"exp2",1780,"OHC",-341.165356036186,"2005-2014 base period"
"exp2",1781,"OHC",-339.801071102575,"2005-2014 base period"
"exp2",1782,"OHC",-338.45366315901,"2005-2014 base period"
"exp2",1783,"OHC",-349.501625085054,"2005-2014 base period"
"exp2",1784,"OHC",-384.517256900144,"2005-2014 base period"
"exp2",1785,"OHC",-413.948457046049,"2005-2014 base period"
"exp2",1786,"OHC",-419.924278971451,"2005-2014 base period"
"exp2",1787,"OHC",-417.028932713957,"2005-2014 base period"
"exp2",1788,"OHC",-410.957661112585,"2005-2014 base period"
"exp2",1789,"OHC",-404.238306445915,"2005-2014 base period"
"exp2",1790,"OHC",-397.923676056851,"2005-2014 base period"
"exp2",1791,"OHC",-392.258623655225,"2005-2014 base period"
"exp2",1792,"OHC",-387.193130962296,"2005-2014 base period"
"exp2",1793,"OHC",-382.704821361451,"2005-2014 base period"
"exp2",1794,"OHC",-378.812029031764,"2005-2014 base period"
"exp2",1795,"OHC",-375.357907339221,"2005-2014 base period"
"exp2",1796,"OHC",-373.045979417489,"2005-2014 base period"
"exp2",1797,"OHC",-372.484137806903,"2005-2014 base period"
"exp2",1798,"OHC",-371.941107457422,"2005-2014 base period"
"exp2",1799,"OHC",-370.134318235656,"2005-2014 base period"
"exp2",1800,"OHC",-367.684207562867,"2005-2014 base period"
"exp2",1801,"OHC",-365.12696847634,"2005-2014 base period"
"exp2",1802,"OHC",-362.636237524429,"2005-2014 base period"
"exp2",1803,"OHC",-360.257106511512,"2005-2014 base period"
"exp2",1804,"OHC",-357.939845319814,"2005-2014 base period"
"exp2",1805,"OHC",-355.776667572384,"2005-2014 base period"
"exp2",1806,"OHC",-353.753625581943,"2005-2014 base period"
"exp2",1807,"OHC",-351.808919606451,"2005-2014 base period"
"exp2",1808,"OHC",-350.029903924113,"2005-2014 base period"
"exp2",1809,"OHC",-372.825790716358,"2005-2014 base period"
"exp2",1810,"OHC",-410.243840090044,"2005-2014 base period"
"exp2",1811,"OHC",-425.591319176276,"2005-2014 base period"
"exp2",1812,"OHC",-424.25060425028,"2005-2014 base period"
"exp2",1813,"OHC",-417.787111557094,"2005-2014 base period"
"exp2",1814,"OHC",-410.575151209455,"2005-2014 base period"
"exp2",1815,"OHC",-428.072453603775,"2005-2014 base period"
"exp2",1816,"OHC",-474.728995316042,"2005-2014 base period"
"exp2",1817,"OHC",-504.339942122045,"2005-2014 base period"
"exp2",1818,"OHC",-504.290370278487,"2005-2014 base period"
"exp2",1819,"OHC",-494.324050458284,"2005-2014 base period"
"exp2",1820,"OHC",-482.474881580898,"2005-2014 base period"
"exp2",1821,"OHC",-471.962261907526,"2005-2014 base period"
"exp2",1822,"OHC",-463.334628906267,"2005-2014 base period"
"exp2",1823,"OHC",-458.151649286867,"2005-2014 base period"
"exp2",1824,"OHC",-454.274628198612,"2005-2014 base period"
"exp2",1825,"OHC",-448.32792492883,"2005-2014 base period"
"exp2",1826,"OHC",-441.750172097238,"2005-2014 base period"
"exp2",1827,"OHC",-435.386152471385,"2005-2014 base period"
"exp2",1828,"OHC",-429.594460943644,"2005-2014 base period"
"exp2",1829,"OHC",-424.326561202589,"2005-2014 base period"
"exp2",1830,"OHC",-419.471304733064,"2005-2014 base period"
"exp2",1831,"OHC",-431.694696043189,"2005-2014 base period"
"exp2",1832,"OHC",-453.962452247004,"2005-2014 base period"
"exp2",1833,"OHC",-461.360276458077,"2005-2014 base period"
"exp2",1834,"OHC",-457.887623447243,"2005-2014 base period"
"exp2",1835,"OHC",-463.450612384889,"2005-2014 base period"
"exp2",1836,"OHC",-475.725651579888,"2005-2014 base period"
"exp2",1837,"OHC",-477.352016296017,"2005-2014 base period"
"exp2",1838,"OHC",-471.430354255351,"2005-2014 base period"
"exp2",1839,"OHC",-463.573392855023,"2005-2014 base period"
"exp2",1840,"OHC",-455.777844219707,"2005-2014 base period"
"exp2",1841,"OHC",-448.616115572872,"2005-2014 base period"
"exp2",1842,"OHC",-442.133844375698,"2005-2014 base period"
"exp2",1843,"OHC",-436.203537976995,"2005-2014 base period"
"exp2",1844,"OHC",-430.715562146218,"2005-2014 base period"
"exp2",1845,"OHC",-425.703367233924,"2005-2014 base period"
"exp2",1846,"OHC",-422.32748914939,"2005-2014 base period"
"exp2",1847,"OHC",-419.987707158122,"2005-2014 base period"
"exp2",1848,"OHC",-416.877432739107,"2005-2014 base period"
"exp2",1849,"OHC",-413.178787758789,"2005-2014 base period"
"exp2",1850,"OHC",-409.393238147841,"2005-2014 base period"
"exp2",1851,"OHC",-405.666819272662,"2005-2014 base period"
"exp2",1852,"OHC",-402.03577629154,"2005-2014 base period"
"exp2",1853,"OHC",-399.718478219916,"2005-2014 base period"
"exp2",1854,"OHC",-398.872057478525,"2005-2014 base period"
"exp2",1855,"OHC",-397.270810840694,"2005-2014 base period"
"exp2",1856,"OHC",-394.638286976789,"2005-2014 base period"
"exp2",1857,"OHC",-393.187788373569,"2005-2014 base period"
"exp2",1858,"OHC",-391.969372511629,"2005-2014 base period"
"exp2",1859,"OHC",-389.349391012124,"2005-2014 base period"
"exp2",1860,"OHC",-386.215317991782,"2005-2014 base period"
"exp2",1861,"OHC",-383.472623792188,"2005-2014 base period"
"exp2",1862,"OHC",-386.310951450063,"2005-2014 base period"
"exp2",1863,"OHC",-391.182348218843,"2005-2014 base period"
"exp2",1864,"OHC",-390.795318005274,"2005-2014 base period"
"exp2",1865,"OHC",-387.586453006162,"2005-2014 base period"
"exp2",1866,"OHC",-383.669905326123,"2005-2014 base period"
"exp2",1867,"OHC",-379.755695848507,"2005-2014 base period"
"exp2",1868,"OHC",-376.12630786648,"2005-2014 base period"
"exp2",1869,"OHC",-372.711173960985,"2005-2014 base period"
"exp2",1870,"OHC",-369.482702662222,"2005-2014 base period"
"exp2",1871,"OHC",-366.404785326329,"2005-2014 base period"
"exp2",1872,"OHC",-363.403252759868,"2005-2014 base period"
"exp2",1873,"OHC",-362.010008013064,"2005-2014 base period"
"exp2",1874,"OHC",-361.268604474019,"2005-2014 base period"
"exp2",1875,"OHC",-359.456150420904,"2005-2014 base period"
"exp2",1876,"OHC",-357.426087030722,"2005-2014 base period"
"exp2",1877,"OHC",-355.121823284078,"2005-2014 base period"
"exp2",1878,"OHC",-352.515055945445,"2005-2014 base period"
"exp2",1879,"OHC",-349.934095190006,"2005-2014 base period"
"exp2",1880,"OHC",-347.750314142838,"2005-2014 base period"
"exp2",1881,"OHC",-345.910354315472,"2005-2014 base period"
"exp2",1882,"OHC",-343.83199624356,"2005-2014 base period"
"exp2",1883,"OHC",-345.015255520907,"2005-2014 base period"
"exp2",1884,"OHC",-359.669997170403,"2005-2014 base period"
"exp2",1885,"OHC",-374.84926534083,"2005-2014 base period"
"exp2",1886,"OHC",-376.509470065199,"2005-2014 base period"
"exp2",1887,"OHC",-373.702420970237,"2005-2014 base period"
"exp2",1888,"OHC",-369.84894046392,"2005-2014 base period"
"exp2",1889,"OHC",-365.064436528175,"2005-2014 base period"
"exp2",1890,"OHC",-361.27567077023,"2005-2014 base period"
"exp2",1891,"OHC",-359.875423858467,"2005-2014 base period"
"exp2",1892,"OHC",-358.438824172552,"2005-2014 base period"
"exp2",1893,"OHC",-355.065182900676,"2005-2014 base period"
"exp2",1894,"OHC",-351.242826399441,"2005-2014 base period"
"exp2",1895,"OHC",-347.74636862245,"2005-2014 base period"
"exp2",1896,"OHC",-344.480258669662,"2005-2014 base period"
"exp2",1897,"OHC",-341.477606067022,"2005-2014 base period"
"exp2",1898,"OHC",-338.727457581423,"2005-2014 base period"
"exp2",1899,"OHC",-336.259616470419,"2005-2014 base period"
"exp2",1900,"OHC",-334.039538238875,"2005-2014 base period"
"exp2",1901,"OHC",-331.893324864228,"2005-2014 base period"
"exp2",1902,"OHC",-330.484583056925,"2005-2014 base period"
"exp2",1903,"OHC",-335.305116202267,"2005-2014 base period"
"exp2",1904,"OHC",-341.978501464406,"2005-2014 base period"
"exp2",1905,"OHC",-342.544140253953,"2005-2014 base period"
"exp2",1906,"OHC",-339.977104553068,"2005-2014 base period"
"exp2",1907,"OHC",-337.89034087551,"2005-2014 base period"
"exp2",1908,"OHC",-336.340468898643,"2005-2014 base period"
"exp2",1909,"OHC",-333.880624885455,"2005-2014 base period"
"exp2",1910,"OHC",-331.234434226364,"2005-2014 base period"
"exp2",1911,"OHC",-328.739787082681,"2005-2014 base period"
"exp2",1912,"OHC",-329.331491249142,"2005-2014 base period"
"exp2",1913,"OHC",-333.320216023772,"2005-2014 base period"
"exp2",1914,"OHC",-334.910697299931,"2005-2014 base period"
"exp2",1915,"OHC",-332.730563704294,"2005-2014 base period"
"exp2",1916,"OHC",-329.546468199498,"2005-2014 base period"
"exp2",1917,"OHC",-326.622710591468,"2005-2014 base period"
"exp2",1918,"OHC",-323.927367978462,"2005-2014 base period"
"exp2",1919,"OHC",-320.973536509057,"2005-2014 base period"
"exp2",1920,"OHC",-317.992142617692,"2005-2014 base period"
"exp2",1921,"OHC",-314.898254090631,"2005-2014 base period"
"exp2",1922,"OHC",-312.254703100313,"2005-2014 base period"
"exp2",1923,"OHC",-310.595719934506,"2005-2014 base period"
"exp2",1924,"OHC",-308.516505473633,"2005-2014 base period"
"exp2",1925,"OHC",-305.904912385125,"2005-2014 base period"
"exp2",1926,"OHC",-303.374983665081,"2005-2014 base period"
"exp2",1927,"OHC",-301.074707983553,"2005-2014 base period"
"exp2",1928,"OHC",-299.113457989722,"2005-2014 base period"
"exp2",1929,"OHC",-298.527410651985,"2005-2014 base period"
"exp2",1930,"OHC",-297.677094486455,"2005-2014 base period"
"exp2",1931,"OHC",-294.884978268076,"2005-2014 base period"
"exp2",1932,"OHC",-292.407600671888,"2005-2014 base period"
"exp2",1933,"OHC",-290.058773457927,"2005-2014 base period"
"exp2",1934,"OHC",-287.115372536619,"2005-2014 base period"
"exp2",1935,"OHC",-284.4095386257,"2005-2014 base period"
"exp2",1936,"OHC",-282.119942320032,"2005-2014 base period"
"exp2",1937,"OHC",-280.203192033689,"2005-2014 base period"
"exp2",1938,"OHC",-278.12453230086,"2005-2014 base period"
"exp2",1939,"OHC",-275.965285039841,"2005-2014 base period"
"exp2",1940,"OHC",-274.207402265808,"2005-2014 base period"
"exp2",1941,"OHC",-272.672974457278,"2005-2014 base period"
"exp2",1942,"OHC",-271.241414512043,"2005-2014 base period"
"exp2",1943,"OHC",-269.796557474766,"2005-2014 base period"
"exp2",1944,"OHC",-268.156602446971,"2005-2014 base period"
"exp2",1945,"OHC",-265.935982196648,"2005-2014 base period"
"exp2",1946,"OHC",-263.189775424819,"2005-2014 base period"
"exp2",1947,"OHC",-260.711923991832,"2005-2014 base period"
"exp2",1948,"OHC",-258.683734502293,"2005-2014 base period"
"exp2",1949,"OHC",-256.673237672199,"2005-2014 base period"
"exp2",1950,"OHC",-254.940802501163,"2005-2014 base period"
"exp2",1951,"OHC",-253.475876410836,"2005-2014 base period"
"exp2",1952,"OHC",-251.918795856907,"2005-2014 base period"
"exp2",1953,"OHC",-250.369206928494,"2005-2014 base period"
"exp2",1954,"OHC",-248.701844590562,"2005-2014 base period"
"exp2",1955,"OHC",-247.107393838091,"2005-2014 base period"
"exp2",1956,"OHC",-245.895517856026,"2005-2014 base period"
"exp2",1957,"OHC",-244.954158232118,"2005-2014 base period"
"exp2",1958,"OHC",-243.789970252238,"2005-2014 base period"
"exp2",1959,"OHC",-242.368726070679,"2005-2014 base period"
"exp2",1960,"OHC",-240.988851317084,"2005-2014 base period"
"exp2",1961,"OHC",-240.314312720106,"2005-2014 base period"
"exp2",1962,"OHC",-241.169560960916,"2005-2014 base period"
"exp2",1963,"OHC",-247.887028399385,"2005-2014 base period"
"exp2",1964,"OHC",-258.081562355527,"2005-2014 base period"
"exp2",1965,"OHC",-263.979214566041,"2005-2014 base period"
"exp2",1966,"OHC",-263.987528015385,"2005-2014 base period"
"exp2",1967,"OHC",-262.186148028812,"2005-2014 base period"
"exp2",1968,"OHC",-261.048497386432,"2005-2014 base period"
"exp2",1969,"OHC",-258.716711040796,"2005-2014 base period"
"exp2",1970,"OHC",-255.96745469736,"2005-2014 base period"
"exp2",1971,"OHC",-253.979143705186,"2005-2014 base period"
"exp2",1972,"OHC",-252.089569040692,"2005-2014 base period"
"exp2",1973,"OHC",-248.906592600809,"2005-2014 base period"
"exp2",1974,"OHC",-245.037316563786,"2005-2014 base period"
"exp2",1975,"OHC",-243.093822917939,"2005-2014 base period"
"exp2",1976,"OHC",-241.256009644273,"2005-2014 base period"
"exp2",1977,"OHC",-236.984209623164,"2005-2014 base period"
"exp2",1978,"OHC",-231.654945434163,"2005-2014 base period"
"exp2",1979,"OHC",-226.071448442364,"2005-2014 base period"
"exp2",1980,"OHC",-220.683646015795,"2005-2014 base period"
"exp2",1981,"OHC",-215.333273525907,"2005-2014 base period"
"exp2",1982,"OHC",-211.482808884127,"2005-2014 base period"
"exp2",1983,"OHC",-212.181257613318,"2005-2014 base period"
"exp2",1984,"OHC",-212.229447408198,"2005-2014 base period"
"exp2",1985,"OHC",-207.051291782397,"2005-2014 base period"
"exp2",1986,"OHC",-200.016043929887,"2005-2014 base period"
"exp2",1987,"OHC",-192.534078745299,"2005-2014 base period"
"exp2",1988,"OHC",-184.390576109163,"2005-2014 base period"
"exp2",1989,"OHC",-175.592549413556,"2005-2014 base period"
"exp2",1990,"OHC",-166.616649762516,"2005-2014 base period"
"exp2",1991,"OHC",-162.082972874292,"2005-2014 base period"
"exp2",1992,"OHC",-169.388612738938,"2005-2014 base period"
"exp2",1993,"OHC",-177.045079745781,"2005-2014 base period"
"exp2",1994,"OHC",-172.444156969633,"2005-2014 base period"
"exp2",1995,"OHC",-161.210543344748,"2005-2014 base period"
"exp2",1996,"OHC",-148.299383825048,"2005-2014 base period"
"exp2",1997,"OHC",-136.191911631244,"2005-2014 base period"
"exp2",1998,"OHC",-125.05282121515,"2005-2014 base period"
"exp2",1999,"OHC",-113.108572096463,"2005-2014 base period"
"exp2",2000,"OHC",-100.473257163594,"2005-2014 base period"
"exp2",2001,"OHC",-88.1359284814226,"2005-2014 base period"
"exp2",2002,"OHC",-76.6861408981247,"2005-2014 base period"
"exp2",2003,"OHC",-66.2537044838682,"2005-2014 base period"
"exp2",2004,"OHC",-56.085148030628,"2005-2014 base period"
"exp2",2005,"OHC",-46.1435657809524,"2005-2014 base period"
"exp2",2006,"OHC",-36.8570373688165,"2005-2014 base period"
"exp2",2007,"OHC",-27.4751692319293,"2005-2014 base period"
"exp2",2008,"OHC",-17.2484179996469,"2005-2014 base period"
"exp2",2009,"OHC",-6.52693848106236,"2005-2014 base period"
"exp2",2010,"OHC",4.42223788301862,"2005-2014 base period"
"exp2",2011,"OHC",15.4997030403732,"2005-2014 base period"
"exp2",2012,"OHC",26.5502115398035,"2005-2014 base period"
"exp2",2013,"OHC",38.0691954581455,"2005-2014 base period"
"exp2",2014,"OHC",49.7097809410666,"2005-2014 base period"
"exp2",2015,"OHC",61.8253988851759,"2005-2014 base period"
"exp2",1745,"CH4_concentration",731.41,"ppbv CH4"
"exp2",1746,"CH4_concentration",729.704874707434,"ppbv CH4"
"exp2",1747,"CH4_concentration",729.83208210746,"ppbv CH4"
"exp2",1748,"CH4_concentration",730.23309831236,"ppbv CH4"
"exp2",1749,"CH4_concentration",730.976984697958,"ppbv CH4"
"exp2",1750,"CH4_concentration",731.405995681312,"ppbv CH4"
"exp2",1751,"CH4_concentration",731.838165285077,"ppbv CH4"
"exp2",1752,"CH4_concentration",732.899973599209,"ppbv CH4"
"exp2",1753,"CH4_concentration",733.634056064294,"ppbv CH4"
"exp2",1754,"CH4_concentration",734.202172571668,"ppbv CH4"
"exp2",1755,"CH4_concentration",734.736563138922,"ppbv CH4"
"exp2",1756,"CH4_concentration",735.422013435269,"ppbv CH4"
"exp2",1757,"CH4_concentration",735.894636123967,"ppbv CH4"
"exp2",1758,"CH4_concentration",736.208478461359,"ppbv CH4"
"exp2",1759,"CH4_concentration",736.100286851684,"ppbv CH4"
"exp2",1760,"CH4_concentration",735.485663068695,"ppbv CH4"
"exp2",1761,"CH4_concentration",735.764886348703,"ppbv CH4"
"exp2",1762,"CH4_concentration",736.305615368321,"ppbv CH4"
"exp2",1763,"CH4_concentration",737.184504409429,"ppbv CH4"
"exp2",1764,"CH4_concentration",738.106229868289,"ppbv CH4"
"exp2",1765,"CH4_concentration",738.98893419845,"ppbv CH4"
"exp2",1766,"CH4_concentration",739.833733303134,"ppbv CH4"
"exp2",1767,"CH4_concentration",740.731405125776,"ppbv CH4"
"exp2",1768,"CH4_concentration",741.224270825664,"ppbv CH4"
"exp2",1769,"CH4_concentration",741.749075470609,"ppbv CH4"
"exp2",1770,"CH4_concentration",742.302867617945,"ppbv CH4"
"exp2",1771,"CH4_concentration",742.87285904197,"ppbv CH4"
"exp2",1772,"CH4_concentration",744.020515836346,"ppbv CH4"
"exp2",1773,"CH4_concentration",744.664401816091,"ppbv CH4"
"exp2",1774,"CH4_concentration",744.879410432825,"ppbv CH4"
"exp2",1775,"CH4_concentration",745.368495333117,"ppbv CH4"
"exp2",1776,"CH4_concentration",746.049826608907,"ppbv CH4"
"exp2",1777,"CH4_concentration",746.73933846682,"ppbv CH4"
"exp2",1778,"CH4_concentration",746.754521810057,"ppbv CH4"
"exp2",1779,"CH4_concentration",746.911832456732,"ppbv CH4"
"exp2",1780,"CH4_concentration",747.237436418089,"ppbv CH4"
"exp2",1781,"CH4_concentration",747.774268377558,"ppbv CH4"
"exp2",1782,"CH4_concentration",748.300145499789,"ppbv CH4"
"exp2",1783,"CH4_concentration",748.639282866973,"ppbv CH4"
"exp2",1784,"CH4_concentration",748.948568662822,"ppbv CH4"
"exp2",1785,"CH4_concentration",749.265343744073,"ppbv CH4"
"exp2",1786,"CH4_concentration",749.576150737453,"ppbv CH4"
"exp2",1787,"CH4_concentration",749.680216945827,"ppbv CH4"
"exp2",1788,"CH4_concentration",750.171208631566,"ppbv CH4"
"exp2",1789,"CH4_concentration",750.656370127087,"ppbv CH4"
"exp2",1790,"CH4_concentration",751.172565549053,"ppbv CH4"
"exp2",1791,"CH4_concentration",751.715856105586,"ppbv CH4"
"exp2",1792,"CH4_concentration",752.285153234268,"ppbv CH4"
"exp2",1793,"CH4_concentration",752.688598491587,"ppbv CH4"
"exp2",1794,"CH4_concentration",753.258020566728,"ppbv CH4"
"exp2",1795,"CH4_concentration",753.846532399193,"ppbv CH4"
"exp2",1796,"CH4_concentration",754.523055555505,"ppbv CH4"
"exp2",1797,"CH4_concentration",755.260676072163,"ppbv CH4"
"exp2",1798,"CH4_concentration",756.117267383193,"ppbv CH4"
"exp2",1799,"CH4_concentration",756.945913194459,"ppbv CH4"
"exp2",1800,"CH4_concentration",757.765592067822,"ppbv CH4"
"exp2",1801,"CH4_concentration",758.587326938011,"ppbv CH4"
"exp2",1802,"CH4_concentration",759.510182264747,"ppbv CH4"
"exp2",1803,"CH4_concentration",760.511250284012,"ppbv CH4"
"exp2",1804,"CH4_concentration",761.544686766748,"ppbv CH4"
"exp2",1805,"CH4_concentration",762.675472844031,"ppbv CH4"
"exp2",1806,"CH4_concentration",763.804796318643,"ppbv CH4"
"exp2",1807,"CH4_concentration",765.029408929717,"ppbv CH4"
"exp2",1808,"CH4_concentration",766.328457134299,"ppbv CH4"
"exp2",1809,"CH4_concentration",767.666828010989,"ppbv CH4"
"exp2",1810,"CH4_concentration",769.161317872877,"ppbv CH4"
"exp2",1811,"CH4_concentration",770.732015866794,"ppbv CH4"
"exp2",1812,"CH4_concentration",772.223875746709,"ppbv CH4"
"exp2",1813,"CH4_concentration",773.714549728073,"ppbv CH4"
"exp2",1814,"CH4_concentration",774.84150429004,"ppbv CH4"
"exp2",1815,"CH4_concentration",776.153212381701,"ppbv CH4"
"exp2",1816,"CH4_concentration",777.39318419129,"ppbv CH4"
"exp2",1817,"CH4_concentration",779.00390326016,"ppbv CH4"
"exp2",1818,"CH4_concentration",780.31577325295,"ppbv CH4"
"exp2",1819,"CH4_concentration",781.438635404944,"ppbv CH4"
"exp2",1820,"CH4_concentration",782.439532029764,"ppbv CH4"
"exp2",1821,"CH4_concentration",783.580459571026,"ppbv CH4"
"exp2",1822,"CH4_concentration",784.968265367503,"ppbv CH4"
"exp2",1823,"CH4_concentration",786.233171537826,"ppbv CH4"
"exp2",1824,"CH4_concentration",787.487060714714,"ppbv CH4"
"exp2",1825,"CH4_concentration",788.725946151724,"ppbv CH4"
"exp2",1826,"CH4_concentration",789.842831382104,"ppbv CH4"
"exp2",1827,"CH4_concentration",790.881784227316,"ppbv CH4"
"exp2",1828,"CH4_concentration",791.994645609403,"ppbv CH4"
"exp2",1829,"CH4_concentration",793.011587790223,"ppbv CH4"
"exp2",1830,"CH4_concentration",793.971460317319,"ppbv CH4"
"exp2",1831,"CH4_concentration",794.821425486834,"ppbv CH4"
"exp2",1832,"CH4_concentration",795.590258414556,"ppbv CH4"
"exp2",1833,"CH4_concentration",796.13531201281,"ppbv CH4"
"exp2",1834,"CH4_concentration",797.055160705425,"ppbv CH4"
"exp2",1835,"CH4_concentration",797.842019921522,"ppbv CH4"
"exp2",1836,"CH4_concentration",798.116994821368,"ppbv CH4"
"exp2",1837,"CH4_concentration",798.12689556927,"ppbv CH4"
"exp2",1838,"CH4_concentration",797.947863760817,"ppbv CH4"
"exp2",1839,"CH4_concentration",797.932880325677,"ppbv CH4"
"exp2",1840,"CH4_concentration",798.397766964966,"ppbv CH4"
"exp2",1841,"CH4_concentration",799.070738816511,"ppbv CH4"
"exp2",1842,"CH4_concentration",800.01171217679,"ppbv CH4"
"exp2",1843,"CH4_concentration",801.502714272356,"ppbv CH4"
"exp2",1844,"CH4_concentration",803.629546038491,"ppbv CH4"
"exp2",1845,"CH4_concentration",805.675483154552,"ppbv CH4"
"exp2",1846,"CH4_concentration",807.266317277216,"ppbv CH4"
"exp2",1847,"CH4_concentration",807.947346218351,"ppbv CH4"
"exp2",1848,"CH4_concentration",808.102351242032,"ppbv CH4"
"exp2",1849,"CH4_concentration",808.225267754924,"ppbv CH4"
"exp2",1850,"CH4_concentration",808.259367171472,"ppbv CH4"
"exp2",1851,"CH4_concentration",808.424886327066,"ppbv CH4"
"exp2",1852,"CH4_concentration",809.174929968998,"ppbv CH4"
"exp2",1853,"CH4_concentration",810.417799342939,"ppbv CH4"
"exp2",1854,"CH4_concentration",811.748820987216,"ppbv CH4"
"exp2",1855,"CH4_concentration",813.349384889178,"ppbv CH4"
"exp2",1856,"CH4_concentration",814.813353454505,"ppbv CH4"
"exp2",1857,"CH4_concentration",816.470260620989,"ppbv CH4"
"exp2",1858,"CH4_concentration",818.374994914775,"ppbv CH4"
"exp2",1859,"CH4_concentration",820.41579011812,"ppbv CH4"
"exp2",1860,"CH4_concentration",822.332644566385,"ppbv CH4"
"exp2",1861,"CH4_concentration",824.422497644897,"ppbv CH4"
"exp2",1862,"CH4_concentration",827.057531569172,"ppbv CH4"
"exp2",1863,"CH4_concentration",830.199167410293,"ppbv CH4"
"exp2",1864,"CH4_concentration",833.636261884857,"ppbv CH4"
"exp2",1865,"CH4_concentration",836.92555888877,"ppbv CH4"
"exp2",1866,"CH4_concentration",840.392944441484,"ppbv CH4"
"exp2",1867,"CH4_concentration",844.026425196482,"ppbv CH4"
"exp2",1868,"CH4_concentration",847.283772959655,"ppbv CH4"
"exp2",1869,"CH4_concentration",850.171308426291,"ppbv CH4"
"exp2",1870,"CH4_concentration",852.485724277827,"ppbv CH4"
"exp2",1871,"CH4_concentration",854.056458883785,"ppbv CH4"
"exp2",1872,"CH4_concentration",855.311281419214,"ppbv CH4"
"exp2",1873,"CH4_concentration",856.264084056136,"ppbv CH4"
"exp2",1874,"CH4_concentration",857.935792001922,"ppbv CH4"
"exp2",1875,"CH4_concentration",859.589244699419,"ppbv CH4"
"exp2",1876,"CH4_concentration",860.986066419302,"ppbv CH4"
"exp2",1877,"CH4_concentration",862.514842380559,"ppbv CH4"
"exp2",1878,"CH4_concentration",864.285017365067,"ppbv CH4"
"exp2",1879,"CH4_concentration",866.443514158251,"ppbv CH4"
"exp2",1880,"CH4_concentration",868.87476619865,"ppbv CH4"
"exp2",1881,"CH4_concentration",871.183067104096,"ppbv CH4"
"exp2",1882,"CH4_concentration",873.466358855084,"ppbv CH4"
"exp2",1883,"CH4_concentration",875.835492578352,"ppbv CH4"
"exp2",1884,"CH4_concentration",878.400689260816,"ppbv CH4"
"exp2",1885,"CH4_concentration",881.261887131951,"ppbv CH4"
"exp2",1886,"CH4_concentration",884.056822292937,"ppbv CH4"
"exp2",1887,"CH4_concentration",887.133160470409,"ppbv CH4"
"exp2",1888,"CH4_concentration",890.110109241625,"ppbv CH4"
"exp2",1889,"CH4_concentration",893.325228612982,"ppbv CH4"
"exp2",1890,"CH4_concentration",896.538892365722,"ppbv CH4"
"exp2",1891,"CH4_concentration",899.812068371172,"ppbv CH4"
"exp2",1892,"CH4_concentration",903.671373472635,"ppbv CH4"
"exp2",1893,"CH4_concentration",907.401478599985,"ppbv CH4"
"exp2",1894,"CH4_concentration",910.599271453809,"ppbv CH4"
"exp2",1895,"CH4_concentration",913.34835611326,"ppbv CH4"
"exp2",1896,"CH4_concentration",914.900562830101,"ppbv CH4"
"exp2",1897,"CH4_concentration",916.416185167093,"ppbv CH4"
"exp2",1898,"CH4_concentration",919.176111472958,"ppbv CH4"
"exp2",1899,"CH4_concentration",922.459783239912,"ppbv CH4"
"exp2",1900,"CH4_concentration",925.752521829376,"ppbv CH4"
"exp2",1901,"CH4_concentration",929.022107662614,"ppbv CH4"
"exp2",1902,"CH4_concentration",932.974282759141,"ppbv CH4"
"exp2",1903,"CH4_concentration",937.048460759994,"ppbv CH4"
"exp2",1904,"CH4_concentration",942.389523538636,"ppbv CH4"
"exp2",1905,"CH4_concentration",947.704453040507,"ppbv CH4"
"exp2",1906,"CH4_concentration",953.340686569153,"ppbv CH4"
"exp2",1907,"CH4_concentration",959.394714658445,"ppbv CH4"
"exp2",1908,"CH4_concentration",964.320794203272,"ppbv CH4"
"exp2",1909,"CH4_concentration",969.629724396962,"ppbv CH4"
"exp2",1910,"CH4_concentration",975.01883867335,"ppbv CH4"
"exp2",1911,"CH4_concentration",979.704580081904,"ppbv CH4"
"exp2",1912,"CH4_concentration",983.856327617444,"ppbv CH4"
"exp2",1913,"CH4_concentration",986.508641735017,"ppbv CH4"
"exp2",1914,"CH4_concentration",988.867622488603,"ppbv CH4"
"exp2",1915,"CH4_concentration",991.704962639727,"ppbv CH4"
"exp2",1916,"CH4_concentration",998.6884184406,"ppbv CH4"
"exp2",1917,"CH4_concentration",1003.8043859068,"ppbv CH4"
"exp2",1918,"CH4_concentration",1010.3709207177,"ppbv CH4"
"exp2",1919,"CH4_concentration",1017.88273110586,"ppbv CH4"
"exp2",1920,"CH4_concentration",1025.33959333795,"ppbv CH4"
"exp2",1921,"CH4_concentration",1032.49698826625,"ppbv CH4"
"exp2",1922,"CH4_concentration",1039.4273596696,"ppbv CH4"
"exp2",1923,"CH4_concentration",1045.50103885282,"ppbv CH4"
"exp2",1924,"CH4_concentration",1049.85477550053,"ppbv CH4"
"exp2",1925,"CH4_concentration",1052.59267437702,"ppbv CH4"
"exp2",1926,"CH4_concentration",1054.0713605154,"ppbv CH4"
"exp2",1927,"CH4_concentration",1056.28478860434,"ppbv CH4"
"exp2",1928,"CH4_concentration",1061.20059555651,"ppbv CH4"
"exp2",1929,"CH4_concentration",1067.26427646141,"ppbv CH4"
"exp2",1930,"CH4_concentration",1073.28363576299,"ppbv CH4"
"exp2",1931,"CH4_concentration",1078.14086733145,"ppbv CH4"
"exp2",1932,"CH4_concentration",1082.63773235893,"ppbv CH4"
"exp2",1933,"CH4_concentration",1087.26580695057,"ppbv CH4"
"exp2",1934,"CH4_concentration",1092.53249701392,"ppbv CH4"
"exp2",1935,"CH4_concentration",1097.89725319184,"ppbv CH4"
"exp2",1936,"CH4_concentration",1102.71066260606,"ppbv CH4"
"exp2",1937,"CH4_concentration",1107.26395362632,"ppbv CH4"
"exp2",1938,"CH4_concentration",1111.63241833388,"ppbv CH4"
"exp2",1939,"CH4_concentration",1117.9618286436,"ppbv CH4"
"exp2",1940,"CH4_concentration",1121.23035322955,"ppbv CH4"
"exp2",1941,"CH4_concentration",1124.4033418281,"ppbv CH4"
"exp2",1942,"CH4_concentration",1129.39691157798,"ppbv CH4"
"exp2",1943,"CH4_concentration",1133.90447450893,"ppbv CH4"
"exp2",1944,"CH4_concentration",1137.54552419376,"ppbv CH4"
"exp2",1945,"CH4_concentration",1140.62544159158,"ppbv CH4"
"exp2",1946,"CH4_concentration",1144.99773738518,"ppbv CH4"
"exp2",1947,"CH4_concentration",1151.02844852479,"ppbv CH4"
"exp2",1948,"CH4_concentration",1157.08271395867,"ppbv CH4"
"exp2",1949,"CH4_concentration",1161.86198795461,"ppbv CH4"
"exp2",1950,"CH4_concentration",1165.38681582648,"ppbv CH4"
"exp2",1951,"CH4_concentration",1170.43216725351,"ppbv CH4"
"exp2",1952,"CH4_concentration",1175.97319522645,"ppbv CH4"
"exp2",1953,"CH4_concentration",1185.06030309774,"ppbv CH4"
"exp2",1954,"CH4_concentration",1196.16410211638,"ppbv CH4"
"exp2",1955,"CH4_concentration",1208.41532142726,"ppbv CH4"
"exp2",1956,"CH4_concentration",1222.89940513589,"ppbv CH4"
"exp2",1957,"CH4_concentration",1237.62577010367,"ppbv CH4"
"exp2",1958,"CH4_concentration",1249.26053839665,"ppbv CH4"
"exp2",1959,"CH4_concentration",1259.16471314745,"ppbv CH4"
"exp2",1960,"CH4_concentration",1265.97492555317,"ppbv CH4"
"exp2",1961,"CH4_concentration",1271.32725923625,"ppbv CH4"
"exp2",1962,"CH4_concentration",1284.44631063657,"ppbv CH4"
"exp2",1963,"CH4_concentration",1302.64711940382,"ppbv CH4"
"exp2",1964,"CH4_concentration",1319.16517310315,"ppbv CH4"
"exp2",1965,"CH4_concentration",1332.71717921357,"ppbv CH4"
"exp2",1966,"CH4_concentration",1343.77002190813,"ppbv CH4"
"exp2",1967,"CH4_concentration",1355.68434842173,"ppbv CH4"
"exp2",1968,"CH4_concentration",1372.96879397096,"ppbv CH4"
"exp2",1969,"CH4_concentration",1390.5736424968,"ppbv CH4"
"exp2",1970,"CH4_concentration",1412.26271369634,"ppbv CH4"
"exp2",1971,"CH4_concentration",1432.23794405998,"ppbv CH4"
"exp2",1972,"CH4_concentration",1450.37851643735,"ppbv CH4"
"exp2",1973,"CH4_concentration",1463.92144164496,"ppbv CH4"
"exp2",1974,"CH4_concentration",1477.19179888982,"ppbv CH4"
"exp2",1975,"CH4_concentration",1492.82039088862,"ppbv CH4"
"exp2",1976,"CH4_concentration",1510.24260576493,"ppbv CH4"
"exp2",1977,"CH4_concentration",1528.82186215014,"ppbv CH4"
"exp2",1978,"CH4_concentration",1548.08430442525,"ppbv CH4"
"exp2",1979,"CH4_concentration",1567.46454599808,"ppbv CH4"
"exp2",1980,"CH4_concentration",1586.41293500787,"ppbv CH4"
"exp2",1981,"CH4_concentration",1604.33772888533,"ppbv CH4"
"exp2",1982,"CH4_concentration",1620.66598345528,"ppbv CH4"
"exp2",1983,"CH4_concentration",1634.842699045,"ppbv CH4"
"exp2",1984,"CH4_concentration",1645.92914917866,"ppbv CH4"
"exp2",1985,"CH4_concentration",1658.34879719556,"ppbv CH4"
"exp2",1986,"CH4_concentration",1671.33493746742,"ppbv CH4"
"exp2",1987,"CH4_concentration",1686.54259919388,"ppbv CH4"
"exp2",1988,"CH4_concentration",1697.08581589924,"ppbv CH4"
"exp2",1989,"CH4_concentration",1709.23541052582,"ppbv CH4"
"exp2",1990,"CH4_concentration",1721.59167750557,"ppbv CH4"
"exp2",1991,"CH4_concentration",1734.2447504745,"ppbv CH4"
"exp2",1992,"CH4_concentration",1745.85550358609,"ppbv CH4"
"exp2",1993,"CH4_concentration",1749.22812963167,"ppbv CH4"
"exp2",1994,"CH4_concentration",1754.47421011696,"ppbv CH4"
"exp2",1995,"CH4_concentration",1760.92392643466,"ppbv CH4"
"exp2",1996,"CH4_concentration",1763.10871035379,"ppbv CH4"
"exp2",1997,"CH4_concentration",1768.04691409797,"ppbv CH4"
"exp2",1998,"CH4_concentration",1777.76146194791,"ppbv CH4"
"exp2",1999,"CH4_concentration",1786.70587512371,"ppbv CH4"
"exp2",2000,"CH4_concentration",1787.69135123621,"ppbv CH4"
"exp2",2001,"CH4_concentration",1787.61600068115,"ppbv CH4"
"exp2",2002,"CH4_concentration",1791.62087505074,"ppbv CH4"
"exp2",2003,"CH4_concentration",1797.91110669315,"ppbv CH4"
"exp2",2004,"CH4_concentration",1800.19574613158,"ppbv CH4"
"exp2",2005,"CH4_concentration",1800.93302752,"ppbv CH4"
"exp2",2006,"CH4_concentration",1802.61837906973,"ppbv CH4"
"exp2",2007,"CH4_concentration",1809.70150481341,"ppbv CH4"
"exp2",2008,"CH4_concentration",1820.64751434812,"ppbv CH4"
"exp2",2009,"CH4_concentration",1825.85746194819,"ppbv CH4"
"exp2",2010,"CH4_concentration",1833.20824902708,"ppbv CH4"
"exp2",2011,"CH4_concentration",1840.03903703803,"ppbv CH4"
"exp2",2012,"CH4_concentration",1843.92001921891,"ppbv CH4"
"exp2",2013,"CH4_concentration",1852.94127762966,"ppbv CH4"
"exp2",2014,"CH4_concentration",1863.58760918117,"ppbv CH4"
"exp2",2015,"CH4_concentration",1875.34365953394,"ppbv CH4"
"exp2",1745,"N2O_concentration",273.87,"ppbv N2O"
"exp2",1746,"N2O_concentration",273.900073370227,"ppbv N2O"
"exp2",1747,"N2O_concentration",273.916161671682,"ppbv N2O"
"exp2",1748,"N2O_concentration",273.930255948788,"ppbv N2O"
"exp2",1749,"N2O_concentration",273.945351743946,"ppbv N2O"
"exp2",1750,"N2O_concentration",273.976463700345,"ppbv N2O"
"exp2",1751,"N2O_concentration",274.004581856166,"ppbv N2O"
"exp2",1752,"N2O_concentration",274.036702358668,"ppbv N2O"
"exp2",1753,"N2O_concentration",274.081830248273,"ppbv N2O"
"exp2",1754,"N2O_concentration",274.123954069878,"ppbv N2O"
"exp2",1755,"N2O_concentration",274.158094267848,"ppbv N2O"
"exp2",1756,"N2O_concentration",274.185250188671,"ppbv N2O"
"exp2",1757,"N2O_concentration",274.201406179596,"ppbv N2O"
"exp2",1758,"N2O_concentration",274.233562687709,"ppbv N2O"
"exp2",1759,"N2O_concentration",274.268731857741,"ppbv N2O"
"exp2",1760,"N2O_concentration",274.295912036474,"ppbv N2O"
"exp2",1761,"N2O_concentration",274.324093072976,"ppbv N2O"
"exp2",1762,"N2O_concentration",274.351278615607,"ppbv N2O"
"exp2",1763,"N2O_concentration",274.402480411362,"ppbv N2O"
"exp2",1764,"N2O_concentration",274.439675805365,"ppbv N2O"
"exp2",1765,"N2O_concentration",274.470880950093,"ppbv N2O"
"exp2",1766,"N2O_concentration",274.490098995582,"ppbv N2O"
"exp2",1767,"N2O_concentration",274.523318091985,"ppbv N2O"
"exp2",1768,"N2O_concentration",274.543540389893,"ppbv N2O"
"exp2",1769,"N2O_concentration",274.563776440818,"ppbv N2O"
"exp2",1770,"N2O_concentration",274.590012795173,"ppbv N2O"
"exp2",1771,"N2O_concentration",274.60726020477,"ppbv N2O"
"exp2",1772,"N2O_concentration",274.624508422294,"ppbv N2O"
"exp2",1773,"N2O_concentration",274.639766299845,"ppbv N2O"
"exp2",1774,"N2O_concentration",274.657023890426,"ppbv N2O"
"exp2",1775,"N2O_concentration",274.670292046902,"ppbv N2O"
"exp2",1776,"N2O_concentration",274.684568023036,"ppbv N2O"
"exp2",1777,"N2O_concentration",274.695848972511,"ppbv N2O"
"exp2",1778,"N2O_concentration",274.707133049576,"ppbv N2O"
"exp2",1779,"N2O_concentration",274.717425908956,"ppbv N2O"
"exp2",1780,"N2O_concentration",274.726724905537,"ppbv N2O"
"exp2",1781,"N2O_concentration",274.734022994463,"ppbv N2O"
"exp2",1782,"N2O_concentration",274.74033223172,"ppbv N2O"
"exp2",1783,"N2O_concentration",274.743648673096,"ppbv N2O"
"exp2",1784,"N2O_concentration",274.748972075327,"ppbv N2O"
"exp2",1785,"N2O_concentration",274.753291194716,"ppbv N2O"
"exp2",1786,"N2O_concentration",274.759624788414,"ppbv N2O"
"exp2",1787,"N2O_concentration",274.76095371332,"ppbv N2O"
"exp2",1788,"N2O_concentration",274.7592946276,"ppbv N2O"
"exp2",1789,"N2O_concentration",274.759644889419,"ppbv N2O"
"exp2",1790,"N2O_concentration",274.757996257113,"ppbv N2O"
"exp2",1791,"N2O_concentration",274.754346289177,"ppbv N2O"
"exp2",1792,"N2O_concentration",274.753707444975,"ppbv N2O"
"exp2",1793,"N2O_concentration",274.738079383308,"ppbv N2O"
"exp2",1794,"N2O_concentration",274.726454165408,"ppbv N2O"
"exp2",1795,"N2O_concentration",274.708827150785,"ppbv N2O"
"exp2",1796,"N2O_concentration",274.692209500217,"ppbv N2O"
"exp2",1797,"N2O_concentration",274.677595774062,"ppbv N2O"
"exp2",1798,"N2O_concentration",274.65998593281,"ppbv N2O"
"exp2",1799,"N2O_concentration",274.645376837948,"ppbv N2O"
"exp2",1800,"N2O_concentration",274.62178005067,"ppbv N2O"
"exp2",1801,"N2O_concentration",274.606186133533,"ppbv N2O"
"exp2",1802,"N2O_concentration",274.596596147828,"ppbv N2O"
"exp2",1803,"N2O_concentration",274.578010855232,"ppbv N2O"
"exp2",1804,"N2O_concentration",274.558428119319,"ppbv N2O"
"exp2",1805,"N2O_concentration",274.537850603126,"ppbv N2O"
"exp2",1806,"N2O_concentration",274.51828466988,"ppbv N2O"
"exp2",1807,"N2O_concentration",274.498713183,"ppbv N2O"
"exp2",1808,"N2O_concentration",274.481155206321,"ppbv N2O"
"exp2",1809,"N2O_concentration",274.452600203864,"ppbv N2O"
"exp2",1810,"N2O_concentration",274.429039240907,"ppbv N2O"
"exp2",1811,"N2O_concentration",274.402491981713,"ppbv N2O"
"exp2",1812,"N2O_concentration",274.371951191379,"ppbv N2O"
"exp2",1813,"N2O_concentration",274.33441103561,"ppbv N2O"
"exp2",1814,"N2O_concentration",274.29787208062,"ppbv N2O"
"exp2",1815,"N2O_concentration",274.247342491939,"ppbv N2O"
"exp2",1816,"N2O_concentration",274.208815636859,"ppbv N2O"
"exp2",1817,"N2O_concentration",274.172297080628,"ppbv N2O"
"exp2",1818,"N2O_concentration",274.135772389487,"ppbv N2O"
"exp2",1819,"N2O_concentration",274.114256330305,"ppbv N2O"
"exp2",1820,"N2O_concentration",274.070746368724,"ppbv N2O"
"exp2",1821,"N2O_concentration",274.033239574206,"ppbv N2O"
"exp2",1822,"N2O_concentration",273.995739513892,"ppbv N2O"
"exp2",1823,"N2O_concentration",273.957238755503,"ppbv N2O"
"exp2",1824,"N2O_concentration",273.908742467225,"ppbv N2O"
"exp2",1825,"N2O_concentration",273.847249618271,"ppbv N2O"
"exp2",1826,"N2O_concentration",273.788766678527,"ppbv N2O"
"exp2",1827,"N2O_concentration",273.737288916443,"ppbv N2O"
"exp2",1828,"N2O_concentration",273.700806600435,"ppbv N2O"
"exp2",1829,"N2O_concentration",273.661332398542,"ppbv N2O"
"exp2",1830,"N2O_concentration",273.622858880774,"ppbv N2O"
"exp2",1831,"N2O_concentration",273.578389816904,"ppbv N2O"
"exp2",1832,"N2O_concentration",273.501924377445,"ppbv N2O"
"exp2",1833,"N2O_concentration",273.429465435401,"ppbv N2O"
"exp2",1834,"N2O_concentration",273.271009060814,"ppbv N2O"
"exp2",1835,"N2O_concentration",273.13555643182,"ppbv N2O"
"exp2",1836,"N2O_concentration",273.010109517076,"ppbv N2O"
"exp2",1837,"N2O_concentration",272.928664986963,"ppbv N2O"
"exp2",1838,"N2O_concentration",272.921218909169,"ppbv N2O"
"exp2",1839,"N2O_concentration",272.912779449428,"ppbv N2O"
"exp2",1840,"N2O_concentration",272.853346079846,"ppbv N2O"
"exp2",1841,"N2O_concentration",272.742911176831,"ppbv N2O"
"exp2",1842,"N2O_concentration",272.635488116462,"ppbv N2O"
"exp2",1843,"N2O_concentration",272.660057071245,"ppbv N2O"
"exp2",1844,"N2O_concentration",272.700641003613,"ppbv N2O"
"exp2",1845,"N2O_concentration",272.692219585341,"ppbv N2O"
"exp2",1846,"N2O_concentration",272.781800993948,"ppbv N2O"
"exp2",1847,"N2O_concentration",272.864394695231,"ppbv N2O"
"exp2",1848,"N2O_concentration",272.93598236363,"ppbv N2O"
"exp2",1849,"N2O_concentration",273.004574974203,"ppbv N2O"
"exp2",1850,"N2O_concentration",273.071174501502,"ppbv N2O"
"exp2",1851,"N2O_concentration",273.143778920016,"ppbv N2O"
"exp2",1852,"N2O_concentration",273.217383404098,"ppbv N2O"
"exp2",1853,"N2O_concentration",273.312991729248,"ppbv N2O"
"exp2",1854,"N2O_concentration",273.411601467485,"ppbv N2O"
"exp2",1855,"N2O_concentration",273.518214995973,"ppbv N2O"
"exp2",1856,"N2O_concentration",273.625828588609,"ppbv N2O"
"exp2",1857,"N2O_concentration",273.72245111979,"ppbv N2O"
"exp2",1858,"N2O_concentration",273.803075367647,"ppbv N2O"
"exp2",1859,"N2O_concentration",273.941701208402,"ppbv N2O"
"exp2",1860,"N2O_concentration",274.102328216042,"ppbv N2O"
"exp2",1861,"N2O_concentration",274.285958165481,"ppbv N2O"
"exp2",1862,"N2O_concentration",274.461595430541,"ppbv N2O"
"exp2",1863,"N2O_concentration",274.616229289692,"ppbv N2O"
"exp2",1864,"N2O_concentration",274.764877021948,"ppbv N2O"
"exp2",1865,"N2O_concentration",274.924511303428,"ppbv N2O"
"exp2",1866,"N2O_concentration",275.092161910764,"ppbv N2O"
"exp2",1867,"N2O_concentration",275.256811822326,"ppbv N2O"
"exp2",1868,"N2O_concentration",275.43445991726,"ppbv N2O"
"exp2",1869,"N2O_concentration",275.604117770539,"ppbv N2O"
"exp2",1870,"N2O_concentration",275.762771662302,"ppbv N2O"
"exp2",1871,"N2O_concentration",275.945432870662,"ppbv N2O"
"exp2",1872,"N2O_concentration",276.120093473454,"ppbv N2O"
"exp2",1873,"N2O_concentration",276.291763550254,"ppbv N2O"
"exp2",1874,"N2O_concentration",276.457437079607,"ppbv N2O"
"exp2",1875,"N2O_concentration",276.626101341339,"ppbv N2O"
"exp2",1876,"N2O_concentration",276.775778713703,"ppbv N2O"
"exp2",1877,"N2O_concentration",276.904452378249,"ppbv N2O"
"exp2",1878,"N2O_concentration",277.042126214273,"ppbv N2O"
"exp2",1879,"N2O_concentration",277.172811500991,"ppbv N2O"
"exp2",1880,"N2O_concentration",277.304496319857,"ppbv N2O"
"exp2",1881,"N2O_concentration",277.413173250153,"ppbv N2O"
"exp2",1882,"N2O_concentration",277.524871473377,"ppbv N2O"
"exp2",1883,"N2O_concentration",277.629560769685,"ppbv N2O"
"exp2",1884,"N2O_concentration",277.733255619778,"ppbv N2O"
"exp2",1885,"N2O_concentration",277.83294990427,"ppbv N2O"
"exp2",1886,"N2O_concentration",277.922647104145,"ppbv N2O"
"exp2",1887,"N2O_concentration",278.032345900929,"ppbv N2O"
"exp2",1888,"N2O_concentration",278.117053174316,"ppbv N2O"
"exp2",1889,"N2O_concentration",278.227756106961,"ppbv N2O"
"exp2",1890,"N2O_concentration",278.3094670786,"ppbv N2O"
"exp2",1891,"N2O_concentration",278.383177272332,"ppbv N2O"
"exp2",1892,"N2O_concentration",278.477883270322,"ppbv N2O"
"exp2",1893,"N2O_concentration",278.589602553023,"ppbv N2O"
"exp2",1894,"N2O_concentration",278.7243191015,"ppbv N2O"
"exp2",1895,"N2O_concentration",278.86603909702,"ppbv N2O"
"exp2",1896,"N2O_concentration",278.973762220747,"ppbv N2O"
"exp2",1897,"N2O_concentration",279.085480256985,"ppbv N2O"
"exp2",1898,"N2O_concentration",279.19720818815,"ppbv N2O"
"exp2",1899,"N2O_concentration",279.341935396821,"ppbv N2O"
"exp2",1900,"N2O_concentration",279.487666764445,"ppbv N2O"
"exp2",1901,"N2O_concentration",279.646398173138,"ppbv N2O"
"exp2",1902,"N2O_concentration",279.894136205164,"ppbv N2O"
"exp2",1903,"N2O_concentration",280.188863341774,"ppbv N2O"
"exp2",1904,"N2O_concentration",280.464602862678,"ppbv N2O"
"exp2",1905,"N2O_concentration",280.737346252128,"ppbv N2O"
"exp2",1906,"N2O_concentration",281.012090493533,"ppbv N2O"
"exp2",1907,"N2O_concentration",281.307832870425,"ppbv N2O"
"exp2",1908,"N2O_concentration",281.642578766791,"ppbv N2O"
"exp2",1909,"N2O_concentration",281.981329566011,"ppbv N2O"
"exp2",1910,"N2O_concentration",282.345078751553,"ppbv N2O"
"exp2",1911,"N2O_concentration",282.751829206055,"ppbv N2O"
"exp2",1912,"N2O_concentration",283.049585512106,"ppbv N2O"
"exp2",1913,"N2O_concentration",283.392339360493,"ppbv N2O"
"exp2",1914,"N2O_concentration",283.746099332731,"ppbv N2O"
"exp2",1915,"N2O_concentration",284.076861014403,"ppbv N2O"
"exp2",1916,"N2O_concentration",284.341622789441,"ppbv N2O"
"exp2",1917,"N2O_concentration",284.644391047183,"ppbv N2O"
"exp2",1918,"N2O_concentration",284.834159572881,"ppbv N2O"
"exp2",1919,"N2O_concentration",284.879930253921,"ppbv N2O"
"exp2",1920,"N2O_concentration",284.957692882417,"ppbv N2O"
"exp2",1921,"N2O_concentration",285.067462642185,"ppbv N2O"
"exp2",1922,"N2O_concentration",285.198242917668,"ppbv N2O"
"exp2",1923,"N2O_concentration",285.495010192938,"ppbv N2O"
"exp2",1924,"N2O_concentration",285.632795348258,"ppbv N2O"
"exp2",1925,"N2O_concentration",285.679576375507,"ppbv N2O"
"exp2",1926,"N2O_concentration",285.719352763855,"ppbv N2O"
"exp2",1927,"N2O_concentration",285.767139299838,"ppbv N2O"
"exp2",1928,"N2O_concentration",285.859920569008,"ppbv N2O"
"exp2",1929,"N2O_concentration",285.917710055987,"ppbv N2O"
"exp2",1930,"N2O_concentration",285.964497248344,"ppbv N2O"
"exp2",1931,"N2O_concentration",286.150278332398,"ppbv N2O"
"exp2",1932,"N2O_concentration",286.24807379094,"ppbv N2O"
"exp2",1933,"N2O_concentration",286.39686841308,"ppbv N2O"
"exp2",1934,"N2O_concentration",286.492660683942,"ppbv N2O"
"exp2",1935,"N2O_concentration",286.612456692304,"ppbv N2O"
"exp2",1936,"N2O_concentration",286.772250224398,"ppbv N2O"
"exp2",1937,"N2O_concentration",286.976049065042,"ppbv N2O"
"exp2",1938,"N2O_concentration",287.215847602305,"ppbv N2O"
"exp2",1939,"N2O_concentration",287.411654019636,"ppbv N2O"
"exp2",1940,"N2O_concentration",287.643452408829,"ppbv N2O"
"exp2",1941,"N2O_concentration",287.888263052883,"ppbv N2O"
"exp2",1942,"N2O_concentration",288.162077141363,"ppbv N2O"
"exp2",1943,"N2O_concentration",288.804860360287,"ppbv N2O"
"exp2",1944,"N2O_concentration",289.023692486662,"ppbv N2O"
"exp2",1945,"N2O_concentration",289.250493621945,"ppbv N2O"
"exp2",1946,"N2O_concentration",289.450311153928,"ppbv N2O"
"exp2",1947,"N2O_concentration",289.534125171412,"ppbv N2O"
"exp2",1948,"N2O_concentration",289.57894946653,"ppbv N2O"
"exp2",1949,"N2O_concentration",289.620764028954,"ppbv N2O"
"exp2",1950,"N2O_concentration",289.761574046928,"ppbv N2O"
"exp2",1951,"N2O_concentration",289.882406705713,"ppbv N2O"
"exp2",1952,"N2O_concentration",290.047226794559,"ppbv N2O"
"exp2",1953,"N2O_concentration",290.356037800877,"ppbv N2O"
"exp2",1954,"N2O_concentration",290.569871909023,"ppbv N2O"
"exp2",1955,"N2O_concentration",290.865692910623,"ppbv N2O"
"exp2",1956,"N2O_concentration",291.208519992588,"ppbv N2O"
"exp2",1957,"N2O_concentration",291.533345542286,"ppbv N2O"
"exp2",1958,"N2O_concentration",291.79318024987,"ppbv N2O"
"exp2",1959,"N2O_concentration",292.008007906376,"ppbv N2O"
"exp2",1960,"N2O_concentration",292.30384340231,"ppbv N2O"
"exp2",1961,"N2O_concentration",292.622677625121,"ppbv N2O"
"exp2",1962,"N2O_concentration",292.965505063407,"ppbv N2O"
"exp2",1963,"N2O_concentration",293.347353206409,"ppbv N2O"
"exp2",1964,"N2O_concentration",293.705190242505,"ppbv N2O"
"exp2",1965,"N2O_concentration",294.065019962373,"ppbv N2O"
"exp2",1966,"N2O_concentration",294.472865155879,"ppbv N2O"
"exp2",1967,"N2O_concentration",294.879709711762,"ppbv N2O"
"exp2",1968,"N2O_concentration",295.288551820296,"ppbv N2O"
"exp2",1969,"N2O_concentration",295.700393571388,"ppbv N2O"
"exp2",1970,"N2O_concentration",296.117233755338,"ppbv N2O"
"exp2",1971,"N2O_concentration",296.541086662318,"ppbv N2O"
"exp2",1972,"N2O_concentration",296.973930682568,"ppbv N2O"
"exp2",1973,"N2O_concentration",297.4177800063,"ppbv N2O"
"exp2",1974,"N2O_concentration",297.873631623933,"ppbv N2O"
"exp2",1975,"N2O_concentration",298.34448632571,"ppbv N2O"
"exp2",1976,"N2O_concentration",298.832338002127,"ppbv N2O"
"exp2",1977,"N2O_concentration",299.337183943416,"ppbv N2O"
"exp2",1978,"N2O_concentration",299.863042540134,"ppbv N2O"
"exp2",1979,"N2O_concentration",300.410897682845,"ppbv N2O"
"exp2",1980,"N2O_concentration",300.982756162094,"ppbv N2O"
"exp2",1981,"N2O_concentration",301.579609568407,"ppbv N2O"
"exp2",1982,"N2O_concentration",302.204476692411,"ppbv N2O"
"exp2",1983,"N2O_concentration",302.859336124871,"ppbv N2O"
"exp2",1984,"N2O_concentration",303.545194856344,"ppbv N2O"
"exp2",1985,"N2O_concentration",304.264059477785,"ppbv N2O"
"exp2",1986,"N2O_concentration",305.018920579994,"ppbv N2O"
"exp2",1987,"N2O_concentration",305.809783453575,"ppbv N2O"
"exp2",1988,"N2O_concentration",306.640658389709,"ppbv N2O"
"exp2",1989,"N2O_concentration",307.847505878941,"ppbv N2O"
"exp2",1990,"N2O_concentration",308.699386605991,"ppbv N2O"
"exp2",1991,"N2O_concentration",309.249256270098,"ppbv N2O"
"exp2",1992,"N2O_concentration",309.741128369674,"ppbv N2O"
"exp2",1993,"N2O_concentration",310.115012797656,"ppbv N2O"
"exp2",1994,"N2O_concentration",310.823861848602,"ppbv N2O"
"exp2",1995,"N2O_concentration",311.294761207598,"ppbv N2O"
"exp2",1996,"N2O_concentration",312.313599571762,"ppbv N2O"
"exp2",1997,"N2O_concentration",313.198487122075,"ppbv N2O"
"exp2",1998,"N2O_concentration",313.922336953747,"ppbv N2O"
"exp2",1999,"N2O_concentration",314.724198362459,"ppbv N2O"
"exp2",2000,"N2O_concentration",315.774082138523,"ppbv N2O"
"exp2",2001,"N2O_concentration",316.507982770675,"ppbv N2O"
"exp2",2002,"N2O_concentration",317.115864557234,"ppbv N2O"
"exp2",2003,"N2O_concentration",317.744733193322,"ppbv N2O"
"exp2",2004,"N2O_concentration",318.371626770933,"ppbv N2O"
"exp2",2005,"N2O_concentration",319.14449448285,"ppbv N2O"
"exp2",2006,"N2O_concentration",319.947374718962,"ppbv N2O"
"exp2",2007,"N2O_concentration",320.66027467174,"ppbv N2O"
"exp2",2008,"N2O_concentration",321.589138335678,"ppbv N2O"
"exp2",2009,"N2O_concentration",322.289039599905,"ppbv N2O"
"exp2",2010,"N2O_concentration",323.154914261476,"ppbv N2O"
"exp2",2011,"N2O_concentration",324.172792710989,"ppbv N2O"
"exp2",2012,"N2O_concentration",325.018690238271,"ppbv N2O"
"exp2",2013,"N2O_concentration",325.932579239819,"ppbv N2O"
"exp2",2014,"N2O_concentration",327.001470407832,"ppbv N2O"
"exp2",2015,"N2O_concentration",327.896094798873,"ppbv N2O"
