"year","value","variable","units","source"
1745,273.7540487,"N2O_concentration","ppbv N2O","obs"
1746,273.7850444,"N2O_concentration","ppbv N2O","obs"
1747,273.8020477,"N2O_concentration","ppbv N2O","obs"
1748,273.8170497,"N2O_concentration","ppbv N2O","obs"
1749,273.833046,"N2O_concentration","ppbv N2O","obs"
1750,273.8650513,"N2O_concentration","ppbv N2O","obs"
1751,273.8940557,"N2O_concentration","ppbv N2O","obs"
1752,273.9270554,"N2O_concentration","ppbv N2O","obs"
1753,273.9730555,"N2O_concentration","ppbv N2O","obs"
1754,274.0160446,"N2O_concentration","ppbv N2O","obs"
1755,274.0510432,"N2O_concentration","ppbv N2O","obs"
1756,274.0790507,"N2O_concentration","ppbv N2O","obs"
1757,274.0960515,"N2O_concentration","ppbv N2O","obs"
1758,274.1290461,"N2O_concentration","ppbv N2O","obs"
1759,274.1650467,"N2O_concentration","ppbv N2O","obs"
1760,274.1930517,"N2O_concentration","ppbv N2O","obs"
1761,274.222051,"N2O_concentration","ppbv N2O","obs"
1762,274.2500483,"N2O_concentration","ppbv N2O","obs"
1763,274.3020554,"N2O_concentration","ppbv N2O","obs"
1764,274.3400497,"N2O_concentration","ppbv N2O","obs"
1765,274.3720474,"N2O_concentration","ppbv N2O","obs"
1766,274.3920517,"N2O_concentration","ppbv N2O","obs"
1767,274.4260508,"N2O_concentration","ppbv N2O","obs"
1768,274.4470469,"N2O_concentration","ppbv N2O","obs"
1769,274.4680506,"N2O_concentration","ppbv N2O","obs"
1770,274.4950485,"N2O_concentration","ppbv N2O","obs"
1771,274.5130514,"N2O_concentration","ppbv N2O","obs"
1772,274.5310491,"N2O_concentration","ppbv N2O","obs"
1773,274.5470505,"N2O_concentration","ppbv N2O","obs"
1774,274.5650457,"N2O_concentration","ppbv N2O","obs"
1775,274.5790456,"N2O_concentration","ppbv N2O","obs"
1776,274.5940475,"N2O_concentration","ppbv N2O","obs"
1777,274.6060486,"N2O_concentration","ppbv N2O","obs"
1778,274.6180471,"N2O_concentration","ppbv N2O","obs"
1779,274.6290487,"N2O_concentration","ppbv N2O","obs"
1780,274.6390508,"N2O_concentration","ppbv N2O","obs"
1781,274.6470464,"N2O_concentration","ppbv N2O","obs"
1782,274.6540476,"N2O_concentration","ppbv N2O","obs"
1783,274.6580505,"N2O_concentration","ppbv N2O","obs"
1784,274.6640549,"N2O_concentration","ppbv N2O","obs"
1785,274.6690496,"N2O_concentration","ppbv N2O","obs"
1786,274.6760534,"N2O_concentration","ppbv N2O","obs"
1787,274.6780472,"N2O_concentration","ppbv N2O","obs"
1788,274.6770477,"N2O_concentration","ppbv N2O","obs"
1789,274.6780523,"N2O_concentration","ppbv N2O","obs"
1790,274.6770528,"N2O_concentration","ppbv N2O","obs"
1791,274.6740468,"N2O_concentration","ppbv N2O","obs"
1792,274.6740468,"N2O_concentration","ppbv N2O","obs"
1793,274.6590525,"N2O_concentration","ppbv N2O","obs"
1794,274.648056,"N2O_concentration","ppbv N2O","obs"
1795,274.6310527,"N2O_concentration","ppbv N2O","obs"
1796,274.6150538,"N2O_concentration","ppbv N2O","obs"
1797,274.6010539,"N2O_concentration","ppbv N2O","obs"
1798,274.584053,"N2O_concentration","ppbv N2O","obs"
1799,274.570048,"N2O_concentration","ppbv N2O","obs"
1800,274.5470505,"N2O_concentration","ppbv N2O","obs"
1801,274.5320511,"N2O_concentration","ppbv N2O","obs"
1802,274.5230509,"N2O_concentration","ppbv N2O","obs"
1803,274.5050507,"N2O_concentration","ppbv N2O","obs"
1804,274.4860484,"N2O_concentration","ppbv N2O","obs"
1805,274.4660467,"N2O_concentration","ppbv N2O","obs"
1806,274.447052,"N2O_concentration","ppbv N2O","obs"
1807,274.4280472,"N2O_concentration","ppbv N2O","obs"
1808,274.4110514,"N2O_concentration","ppbv N2O","obs"
1809,274.3830541,"N2O_concentration","ppbv N2O","obs"
1810,274.3600464,"N2O_concentration","ppbv N2O","obs"
1811,274.334048,"N2O_concentration","ppbv N2O","obs"
1812,274.3040517,"N2O_concentration","ppbv N2O","obs"
1813,274.2670517,"N2O_concentration","ppbv N2O","obs"
1814,274.2310486,"N2O_concentration","ppbv N2O","obs"
1815,274.1810506,"N2O_concentration","ppbv N2O","obs"
1816,274.1430511,"N2O_concentration","ppbv N2O","obs"
1817,274.1070557,"N2O_concentration","ppbv N2O","obs"
1818,274.07105,"N2O_concentration","ppbv N2O","obs"
1819,274.0500488,"N2O_concentration","ppbv N2O","obs"
1820,274.0070496,"N2O_concentration","ppbv N2O","obs"
1821,273.9700495,"N2O_concentration","ppbv N2O","obs"
1822,273.9330521,"N2O_concentration","ppbv N2O","obs"
1823,273.89505,"N2O_concentration","ppbv N2O","obs"
1824,273.8470484,"N2O_concentration","ppbv N2O","obs"
1825,273.7860463,"N2O_concentration","ppbv N2O","obs"
1826,273.7280502,"N2O_concentration","ppbv N2O","obs"
1827,273.6770554,"N2O_concentration","ppbv N2O","obs"
1828,273.6410522,"N2O_concentration","ppbv N2O","obs"
1829,273.6020533,"N2O_concentration","ppbv N2O","obs"
1830,273.5640513,"N2O_concentration","ppbv N2O","obs"
1831,273.52005,"N2O_concentration","ppbv N2O","obs"
1832,273.4440486,"N2O_concentration","ppbv N2O","obs"
1833,273.37205,"N2O_concentration","ppbv N2O","obs"
1834,273.2140503,"N2O_concentration","ppbv N2O","obs"
1835,273.0790507,"N2O_concentration","ppbv N2O","obs"
1836,272.9540532,"N2O_concentration","ppbv N2O","obs"
1837,272.8730545,"N2O_concentration","ppbv N2O","obs"
1838,272.8660507,"N2O_concentration","ppbv N2O","obs"
1839,272.85805,"N2O_concentration","ppbv N2O","obs"
1840,272.7990519,"N2O_concentration","ppbv N2O","obs"
1841,272.6890488,"N2O_concentration","ppbv N2O","obs"
1842,272.5820541,"N2O_concentration","ppbv N2O","obs"
1843,272.607048,"N2O_concentration","ppbv N2O","obs"
1844,272.6480535,"N2O_concentration","ppbv N2O","obs"
1845,272.6400503,"N2O_concentration","ppbv N2O","obs"
1846,272.7300466,"N2O_concentration","ppbv N2O","obs"
1847,272.8130519,"N2O_concentration","ppbv N2O","obs"
1848,272.8850479,"N2O_concentration","ppbv N2O","obs"
1849,272.9540456,"N2O_concentration","ppbv N2O","obs"
1850,273.021047,"N2O_concentration","ppbv N2O","obs"
1851,273.0940501,"N2O_concentration","ppbv N2O","obs"
1852,273.1680501,"N2O_concentration","ppbv N2O","obs"
1853,273.2640508,"N2O_concentration","ppbv N2O","obs"
1854,273.3630498,"N2O_concentration","ppbv N2O","obs"
1855,273.4700495,"N2O_concentration","ppbv N2O","obs"
1856,273.5780462,"N2O_concentration","ppbv N2O","obs"
1857,273.6750488,"N2O_concentration","ppbv N2O","obs"
1858,273.7560501,"N2O_concentration","ppbv N2O","obs"
1859,273.89505,"N2O_concentration","ppbv N2O","obs"
1860,274.0560481,"N2O_concentration","ppbv N2O","obs"
1861,274.2400462,"N2O_concentration","ppbv N2O","obs"
1862,274.4160487,"N2O_concentration","ppbv N2O","obs"
1863,274.5710449,"N2O_concentration","ppbv N2O","obs"
1864,274.7200521,"N2O_concentration","ppbv N2O","obs"
1865,274.880043,"N2O_concentration","ppbv N2O","obs"
1866,275.0480474,"N2O_concentration","ppbv N2O","obs"
1867,275.2130483,"N2O_concentration","ppbv N2O","obs"
1868,275.3910446,"N2O_concentration","ppbv N2O","obs"
1869,275.5610479,"N2O_concentration","ppbv N2O","obs"
1870,275.7200445,"N2O_concentration","ppbv N2O","obs"
1871,275.9030457,"N2O_concentration","ppbv N2O","obs"
1872,276.0780436,"N2O_concentration","ppbv N2O","obs"
1873,276.2500483,"N2O_concentration","ppbv N2O","obs"
1874,276.4160538,"N2O_concentration","ppbv N2O","obs"
1875,276.5850474,"N2O_concentration","ppbv N2O","obs"
1876,276.7350515,"N2O_concentration","ppbv N2O","obs"
1877,276.8640493,"N2O_concentration","ppbv N2O","obs"
1878,277.0020447,"N2O_concentration","ppbv N2O","obs"
1879,277.133049,"N2O_concentration","ppbv N2O","obs"
1880,277.2650503,"N2O_concentration","ppbv N2O","obs"
1881,277.3740412,"N2O_concentration","ppbv N2O","obs"
1882,277.4860509,"N2O_concentration","ppbv N2O","obs"
1883,277.5910492,"N2O_concentration","ppbv N2O","obs"
1884,277.6950506,"N2O_concentration","ppbv N2O","obs"
1885,277.795049,"N2O_concentration","ppbv N2O","obs"
1886,277.8850479,"N2O_concentration","ppbv N2O","obs"
1887,277.995046,"N2O_concentration","ppbv N2O","obs"
1888,278.0800502,"N2O_concentration","ppbv N2O","obs"
1889,278.1910477,"N2O_concentration","ppbv N2O","obs"
1890,278.2730509,"N2O_concentration","ppbv N2O","obs"
1891,278.347051,"N2O_concentration","ppbv N2O","obs"
1892,278.4420446,"N2O_concentration","ppbv N2O","obs"
1893,278.5540492,"N2O_concentration","ppbv N2O","obs"
1894,278.6890488,"N2O_concentration","ppbv N2O","obs"
1895,278.8310496,"N2O_concentration","ppbv N2O","obs"
1896,278.9390513,"N2O_concentration","ppbv N2O","obs"
1897,279.0510457,"N2O_concentration","ppbv N2O","obs"
1898,279.1630478,"N2O_concentration","ppbv N2O","obs"
1899,279.308047,"N2O_concentration","ppbv N2O","obs"
1900,279.4540482,"N2O_concentration","ppbv N2O","obs"
1901,279.6130473,"N2O_concentration","ppbv N2O","obs"
1902,279.8610509,"N2O_concentration","ppbv N2O","obs"
1903,280.1560415,"N2O_concentration","ppbv N2O","obs"
1904,280.4320424,"N2O_concentration","ppbv N2O","obs"
1905,280.7050451,"N2O_concentration","ppbv N2O","obs"
1906,280.9800466,"N2O_concentration","ppbv N2O","obs"
1907,281.2760442,"N2O_concentration","ppbv N2O","obs"
1908,281.6110433,"N2O_concentration","ppbv N2O","obs"
1909,281.9500453,"N2O_concentration","ppbv N2O","obs"
1910,282.3140437,"N2O_concentration","ppbv N2O","obs"
1911,282.7210414,"N2O_concentration","ppbv N2O","obs"
1912,283.019043,"N2O_concentration","ppbv N2O","obs"
1913,283.3620402,"N2O_concentration","ppbv N2O","obs"
1914,283.7160416,"N2O_concentration","ppbv N2O","obs"
1915,284.0470428,"N2O_concentration","ppbv N2O","obs"
1916,284.3120422,"N2O_concentration","ppbv N2O","obs"
1917,284.6150462,"N2O_concentration","ppbv N2O","obs"
1918,284.8050486,"N2O_concentration","ppbv N2O","obs"
1919,284.8510513,"N2O_concentration","ppbv N2O","obs"
1920,284.9290441,"N2O_concentration","ppbv N2O","obs"
1921,285.0390422,"N2O_concentration","ppbv N2O","obs"
1922,285.170049,"N2O_concentration","ppbv N2O","obs"
1923,285.467041,"N2O_concentration","ppbv N2O","obs"
1924,285.6050491,"N2O_concentration","ppbv N2O","obs"
1925,285.6520513,"N2O_concentration","ppbv N2O","obs"
1926,285.6920471,"N2O_concentration","ppbv N2O","obs"
1927,285.7400513,"N2O_concentration","ppbv N2O","obs"
1928,285.8330485,"N2O_concentration","ppbv N2O","obs"
1929,285.8910522,"N2O_concentration","ppbv N2O","obs"
1930,285.9380519,"N2O_concentration","ppbv N2O","obs"
1931,286.1240438,"N2O_concentration","ppbv N2O","obs"
1932,286.2220484,"N2O_concentration","ppbv N2O","obs"
1933,286.3710505,"N2O_concentration","ppbv N2O","obs"
1934,286.4670486,"N2O_concentration","ppbv N2O","obs"
1935,286.5870488,"N2O_concentration","ppbv N2O","obs"
1936,286.7470449,"N2O_concentration","ppbv N2O","obs"
1937,286.9510447,"N2O_concentration","ppbv N2O","obs"
1938,287.1910426,"N2O_concentration","ppbv N2O","obs"
1939,287.3870468,"N2O_concentration","ppbv N2O","obs"
1940,287.6190414,"N2O_concentration","ppbv N2O","obs"
1941,287.8640467,"N2O_concentration","ppbv N2O","obs"
1942,288.1380539,"N2O_concentration","ppbv N2O","obs"
1943,288.7810287,"N2O_concentration","ppbv N2O","obs"
1944,289.0000509,"N2O_concentration","ppbv N2O","obs"
1945,289.2270406,"N2O_concentration","ppbv N2O","obs"
1946,289.4270452,"N2O_concentration","ppbv N2O","obs"
1947,289.5110448,"N2O_concentration","ppbv N2O","obs"
1948,289.5560532,"N2O_concentration","ppbv N2O","obs"
1949,289.5980504,"N2O_concentration","ppbv N2O","obs"
1950,289.7390416,"N2O_concentration","ppbv N2O","obs"
1951,289.860054,"N2O_concentration","ppbv N2O","obs"
1952,290.0250524,"N2O_concentration","ppbv N2O","obs"
1953,290.3340403,"N2O_concentration","ppbv N2O","obs"
1954,290.5480499,"N2O_concentration","ppbv N2O","obs"
1955,290.844045,"N2O_concentration","ppbv N2O","obs"
1956,291.1870448,"N2O_concentration","ppbv N2O","obs"
1957,291.5120417,"N2O_concentration","ppbv N2O","obs"
1958,291.7720464,"N2O_concentration","ppbv N2O","obs"
1959,291.9870427,"N2O_concentration","ppbv N2O","obs"
1960,292.2830455,"N2O_concentration","ppbv N2O","obs"
1961,292.6020457,"N2O_concentration","ppbv N2O","obs"
1962,292.9450378,"N2O_concentration","ppbv N2O","obs"
1963,293.3270493,"N2O_concentration","ppbv N2O","obs"
1964,293.6850484,"N2O_concentration","ppbv N2O","obs"
1965,294.0450389,"N2O_concentration","ppbv N2O","obs"
1966,294.4530436,"N2O_concentration","ppbv N2O","obs"
1967,294.8600464,"N2O_concentration","ppbv N2O","obs"
1968,295.2690455,"N2O_concentration","ppbv N2O","obs"
1969,295.681043,"N2O_concentration","ppbv N2O","obs"
1970,296.0980377,"N2O_concentration","ppbv N2O","obs"
1971,296.5220439,"N2O_concentration","ppbv N2O","obs"
1972,296.95504,"N2O_concentration","ppbv N2O","obs"
1973,297.3990402,"N2O_concentration","ppbv N2O","obs"
1974,297.8550415,"N2O_concentration","ppbv N2O","obs"
1975,298.3260447,"N2O_concentration","ppbv N2O","obs"
1976,298.8140437,"N2O_concentration","ppbv N2O","obs"
1977,299.3190358,"N2O_concentration","ppbv N2O","obs"
1978,299.8450394,"N2O_concentration","ppbv N2O","obs"
1979,300.3930384,"N2O_concentration","ppbv N2O","obs"
1980,300.9650396,"N2O_concentration","ppbv N2O","obs"
1981,301.5620346,"N2O_concentration","ppbv N2O","obs"
1982,302.1870422,"N2O_concentration","ppbv N2O","obs"
1983,302.842041,"N2O_concentration","ppbv N2O","obs"
1984,303.528038,"N2O_concentration","ppbv N2O","obs"
1985,304.2470398,"N2O_concentration","ppbv N2O","obs"
1986,305.002037,"N2O_concentration","ppbv N2O","obs"
1987,305.7930349,"N2O_concentration","ppbv N2O","obs"
1988,306.6240438,"N2O_concentration","ppbv N2O","obs"
1989,307.8310242,"N2O_concentration","ppbv N2O","obs"
1990,308.6830368,"N2O_concentration","ppbv N2O","obs"
1991,309.2330373,"N2O_concentration","ppbv N2O","obs"
1992,309.7250392,"N2O_concentration","ppbv N2O","obs"
1993,310.0990524,"N2O_concentration","ppbv N2O","obs"
1994,310.8080292,"N2O_concentration","ppbv N2O","obs"
1995,311.2790553,"N2O_concentration","ppbv N2O","obs"
1996,312.2980194,"N2O_concentration","ppbv N2O","obs"
1997,313.1830317,"N2O_concentration","ppbv N2O","obs"
1998,313.9070053,"N2O_concentration","ppbv N2O","obs"
1999,314.7089895,"N2O_concentration","ppbv N2O","obs"
2000,315.7589951,"N2O_concentration","ppbv N2O","obs"
2001,316.36,"N2O_concentration","ppbv N2O","obs"
2002,316.94,"N2O_concentration","ppbv N2O","obs"
2003,317.63,"N2O_concentration","ppbv N2O","obs"
2004,318.25,"N2O_concentration","ppbv N2O","obs"
2005,318.91,"N2O_concentration","ppbv N2O","obs"
2006,319.82,"N2O_concentration","ppbv N2O","obs"
2007,320.44,"N2O_concentration","ppbv N2O","obs"
2008,321.5,"N2O_concentration","ppbv N2O","obs"
2009,322.27,"N2O_concentration","ppbv N2O","obs"
2010,323.18,"N2O_concentration","ppbv N2O","obs"
2011,324.21,"N2O_concentration","ppbv N2O","obs"
2012,325.05,"N2O_concentration","ppbv N2O","obs"
2013,325.94,"N2O_concentration","ppbv N2O","obs"
2014,327.09,"N2O_concentration","ppbv N2O","obs"
2015,328.17,"N2O_concentration","ppbv N2O","obs"
1745,728.6180878,"CH4_concentration","ppbv CH4","obs"
1746,729.7048747,"CH4_concentration","ppbv CH4","obs"
1747,729.8320821,"CH4_concentration","ppbv CH4","obs"
1748,730.2330983,"CH4_concentration","ppbv CH4","obs"
1749,730.9769847,"CH4_concentration","ppbv CH4","obs"
1750,731.4059957,"CH4_concentration","ppbv CH4","obs"
1751,731.8381653,"CH4_concentration","ppbv CH4","obs"
1752,732.8999736,"CH4_concentration","ppbv CH4","obs"
1753,733.6340383,"CH4_concentration","ppbv CH4","obs"
1754,734.2020213,"CH4_concentration","ppbv CH4","obs"
1755,734.7360789,"CH4_concentration","ppbv CH4","obs"
1756,735.4210002,"CH4_concentration","ppbv CH4","obs"
1757,735.8930308,"CH4_concentration","ppbv CH4","obs"
1758,736.2069956,"CH4_concentration","ppbv CH4","obs"
1759,736.0988871,"CH4_concentration","ppbv CH4","obs"
1760,735.4841715,"CH4_concentration","ppbv CH4","obs"
1761,735.7630208,"CH4_concentration","ppbv CH4","obs"
1762,736.3031057,"CH4_concentration","ppbv CH4","obs"
1763,737.1810404,"CH4_concentration","ppbv CH4","obs"
1764,738.1030629,"CH4_concentration","ppbv CH4","obs"
1765,738.9860382,"CH4_concentration","ppbv CH4","obs"
1766,739.8310852,"CH4_concentration","ppbv CH4","obs"
1767,740.7289836,"CH4_concentration","ppbv CH4","obs"
1768,741.2220561,"CH4_concentration","ppbv CH4","obs"
1769,741.74705,"CH4_concentration","ppbv CH4","obs"
1770,742.3010152,"CH4_concentration","ppbv CH4","obs"
1771,742.871165,"CH4_concentration","ppbv CH4","obs"
1772,744.0189667,"CH4_concentration","ppbv CH4","obs"
1773,744.6629842,"CH4_concentration","ppbv CH4","obs"
1774,744.8780721,"CH4_concentration","ppbv CH4","obs"
1775,745.3670603,"CH4_concentration","ppbv CH4","obs"
1776,746.0480703,"CH4_concentration","ppbv CH4","obs"
1777,746.7369181,"CH4_concentration","ppbv CH4","obs"
1778,746.7510579,"CH4_concentration","ppbv CH4","obs"
1779,746.9070231,"CH4_concentration","ppbv CH4","obs"
1780,747.2310638,"CH4_concentration","ppbv CH4","obs"
1781,747.7660472,"CH4_concentration","ppbv CH4","obs"
1782,748.2900187,"CH4_concentration","ppbv CH4","obs"
1783,748.6270294,"CH4_concentration","ppbv CH4","obs"
1784,748.9340261,"CH4_concentration","ppbv CH4","obs"
1785,749.2520396,"CH4_concentration","ppbv CH4","obs"
1786,749.5639801,"CH4_concentration","ppbv CH4","obs"
1787,749.6690826,"CH4_concentration","ppbv CH4","obs"
1788,750.1610209,"CH4_concentration","ppbv CH4","obs"
1789,750.647049,"CH4_concentration","ppbv CH4","obs"
1790,751.1640371,"CH4_concentration","ppbv CH4","obs"
1791,751.7080536,"CH4_concentration","ppbv CH4","obs"
1792,752.2780151,"CH4_concentration","ppbv CH4","obs"
1793,752.6820679,"CH4_concentration","ppbv CH4","obs"
1794,753.2520447,"CH4_concentration","ppbv CH4","obs"
1795,753.8410645,"CH4_concentration","ppbv CH4","obs"
1796,754.5180511,"CH4_concentration","ppbv CH4","obs"
1797,755.256073,"CH4_concentration","ppbv CH4","obs"
1798,756.1130473,"CH4_concentration","ppbv CH4","obs"
1799,756.9420471,"CH4_concentration","ppbv CH4","obs"
1800,757.7620494,"CH4_concentration","ppbv CH4","obs"
1801,758.5840607,"CH4_concentration","ppbv CH4","obs"
1802,759.5070699,"CH4_concentration","ppbv CH4","obs"
1803,760.5080465,"CH4_concentration","ppbv CH4","obs"
1804,761.5410817,"CH4_concentration","ppbv CH4","obs"
1805,762.6710561,"CH4_concentration","ppbv CH4","obs"
1806,763.7990774,"CH4_concentration","ppbv CH4","obs"
1807,765.0220795,"CH4_concentration","ppbv CH4","obs"
1808,766.3190816,"CH4_concentration","ppbv CH4","obs"
1809,767.6550802,"CH4_concentration","ppbv CH4","obs"
1810,769.1471151,"CH4_concentration","ppbv CH4","obs"
1811,770.718043,"CH4_concentration","ppbv CH4","obs"
1812,772.2101186,"CH4_concentration","ppbv CH4","obs"
1813,773.7009939,"CH4_concentration","ppbv CH4","obs"
1814,774.8281352,"CH4_concentration","ppbv CH4","obs"
1815,776.1400197,"CH4_concentration","ppbv CH4","obs"
1816,777.3801575,"CH4_concentration","ppbv CH4","obs"
1817,778.9910329,"CH4_concentration","ppbv CH4","obs"
1818,780.3030497,"CH4_concentration","ppbv CH4","obs"
1819,781.4260508,"CH4_concentration","ppbv CH4","obs"
1820,782.4270782,"CH4_concentration","ppbv CH4","obs"
1821,783.5681305,"CH4_concentration","ppbv CH4","obs"
1822,784.9560547,"CH4_concentration","ppbv CH4","obs"
1823,786.2210744,"CH4_concentration","ppbv CH4","obs"
1824,787.4750722,"CH4_concentration","ppbv CH4","obs"
1825,788.7140605,"CH4_concentration","ppbv CH4","obs"
1826,789.8310445,"CH4_concentration","ppbv CH4","obs"
1827,790.8700918,"CH4_concentration","ppbv CH4","obs"
1828,791.9830424,"CH4_concentration","ppbv CH4","obs"
1829,793.0000712,"CH4_concentration","ppbv CH4","obs"
1830,793.9600271,"CH4_concentration","ppbv CH4","obs"
1831,794.8100739,"CH4_concentration","ppbv CH4","obs"
1832,795.5789846,"CH4_concentration","ppbv CH4","obs"
1833,796.124115,"CH4_concentration","ppbv CH4","obs"
1834,797.0440369,"CH4_concentration","ppbv CH4","obs"
1835,797.8309682,"CH4_concentration","ppbv CH4","obs"
1836,798.106013,"CH4_concentration","ppbv CH4","obs"
1837,798.1159821,"CH4_concentration","ppbv CH4","obs"
1838,797.9370168,"CH4_concentration","ppbv CH4","obs"
1839,797.9220988,"CH4_concentration","ppbv CH4","obs"
1840,798.3870494,"CH4_concentration","ppbv CH4","obs"
1841,799.060084,"CH4_concentration","ppbv CH4","obs"
1842,800.001119,"CH4_concentration","ppbv CH4","obs"
1843,801.4921824,"CH4_concentration","ppbv CH4","obs"
1844,803.6190745,"CH4_concentration","ppbv CH4","obs"
1845,805.6650696,"CH4_concentration","ppbv CH4","obs"
1846,807.255956,"CH4_concentration","ppbv CH4","obs"
1847,807.9369812,"CH4_concentration","ppbv CH4","obs"
1848,808.092041,"CH4_concentration","ppbv CH4","obs"
1849,808.2150014,"CH4_concentration","ppbv CH4","obs"
1850,808.2490285,"CH4_concentration","ppbv CH4","obs"
1851,808.4141083,"CH4_concentration","ppbv CH4","obs"
1852,809.1631317,"CH4_concentration","ppbv CH4","obs"
1853,810.4040578,"CH4_concentration","ppbv CH4","obs"
1854,811.7321421,"CH4_concentration","ppbv CH4","obs"
1855,813.3320363,"CH4_concentration","ppbv CH4","obs"
1856,814.7961222,"CH4_concentration","ppbv CH4","obs"
1857,816.4521179,"CH4_concentration","ppbv CH4","obs"
1858,818.355128,"CH4_concentration","ppbv CH4","obs"
1859,820.3960775,"CH4_concentration","ppbv CH4","obs"
1860,822.3121185,"CH4_concentration","ppbv CH4","obs"
1861,824.3991903,"CH4_concentration","ppbv CH4","obs"
1862,827.0292002,"CH4_concentration","ppbv CH4","obs"
1863,830.166214,"CH4_concentration","ppbv CH4","obs"
1864,833.6041412,"CH4_concentration","ppbv CH4","obs"
1865,836.8942057,"CH4_concentration","ppbv CH4","obs"
1866,840.362208,"CH4_concentration","ppbv CH4","obs"
1867,843.9951223,"CH4_concentration","ppbv CH4","obs"
1868,847.2491252,"CH4_concentration","ppbv CH4","obs"
1869,850.1300863,"CH4_concentration","ppbv CH4","obs"
1870,852.4350077,"CH4_concentration","ppbv CH4","obs"
1871,853.9930725,"CH4_concentration","ppbv CH4","obs"
1872,855.2329915,"CH4_concentration","ppbv CH4","obs"
1873,856.1681976,"CH4_concentration","ppbv CH4","obs"
1874,857.8200785,"CH4_concentration","ppbv CH4","obs"
1875,859.4690653,"CH4_concentration","ppbv CH4","obs"
1876,860.8591054,"CH4_concentration","ppbv CH4","obs"
1877,862.3791148,"CH4_concentration","ppbv CH4","obs"
1878,864.13915,"CH4_concentration","ppbv CH4","obs"
1879,866.2831624,"CH4_concentration","ppbv CH4","obs"
1880,868.696106,"CH4_concentration","ppbv CH4","obs"
1881,870.9841258,"CH4_concentration","ppbv CH4","obs"
1882,873.2501373,"CH4_concentration","ppbv CH4","obs"
1883,875.6031494,"CH4_concentration","ppbv CH4","obs"
1884,878.1482035,"CH4_concentration","ppbv CH4","obs"
1885,881.0251312,"CH4_concentration","ppbv CH4","obs"
1886,883.8392181,"CH4_concentration","ppbv CH4","obs"
1887,886.933136,"CH4_concentration","ppbv CH4","obs"
1888,889.9262136,"CH4_concentration","ppbv CH4","obs"
1889,893.1561584,"CH4_concentration","ppbv CH4","obs"
1890,896.3831838,"CH4_concentration","ppbv CH4","obs"
1891,899.6662649,"CH4_concentration","ppbv CH4","obs"
1892,903.5341949,"CH4_concentration","ppbv CH4","obs"
1893,907.2741191,"CH4_concentration","ppbv CH4","obs"
1894,910.4781342,"CH4_concentration","ppbv CH4","obs"
1895,913.2259827,"CH4_concentration","ppbv CH4","obs"
1896,914.7710927,"CH4_concentration","ppbv CH4","obs"
1897,916.2742818,"CH4_concentration","ppbv CH4","obs"
1898,919.0172272,"CH4_concentration","ppbv CH4","obs"
1899,922.2811839,"CH4_concentration","ppbv CH4","obs"
1900,925.5521139,"CH4_concentration","ppbv CH4","obs"
1901,928.8003337,"CH4_concentration","ppbv CH4","obs"
1902,932.7311605,"CH4_concentration","ppbv CH4","obs"
1903,936.7834269,"CH4_concentration","ppbv CH4","obs"
1904,942.114268,"CH4_concentration","ppbv CH4","obs"
1905,947.4432729,"CH4_concentration","ppbv CH4","obs"
1906,953.0924225,"CH4_concentration","ppbv CH4","obs"
1907,959.1561178,"CH4_concentration","ppbv CH4","obs"
1908,964.0852966,"CH4_concentration","ppbv CH4","obs"
1909,969.3983663,"CH4_concentration","ppbv CH4","obs"
1910,974.787089,"CH4_concentration","ppbv CH4","obs"
1911,979.4653219,"CH4_concentration","ppbv CH4","obs"
1912,983.6058604,"CH4_concentration","ppbv CH4","obs"
1913,986.2423197,"CH4_concentration","ppbv CH4","obs"
1914,988.6108805,"CH4_concentration","ppbv CH4","obs"
1915,991.4610799,"CH4_concentration","ppbv CH4","obs"
1916,998.4538218,"CH4_concentration","ppbv CH4","obs"
1917,1003.570552,"CH4_concentration","ppbv CH4","obs"
1918,1010.130447,"CH4_concentration","ppbv CH4","obs"
1919,1017.630366,"CH4_concentration","ppbv CH4","obs"
1920,1025.070328,"CH4_concentration","ppbv CH4","obs"
1921,1032.200338,"CH4_concentration","ppbv CH4","obs"
1922,1039.10025,"CH4_concentration","ppbv CH4","obs"
1923,1045.130066,"CH4_concentration","ppbv CH4","obs"
1924,1049.450033,"CH4_concentration","ppbv CH4","obs"
1925,1052.159953,"CH4_concentration","ppbv CH4","obs"
1926,1053.600108,"CH4_concentration","ppbv CH4","obs"
1927,1055.770569,"CH4_concentration","ppbv CH4","obs"
1928,1060.640361,"CH4_concentration","ppbv CH4","obs"
1929,1066.660329,"CH4_concentration","ppbv CH4","obs"
1930,1072.640116,"CH4_concentration","ppbv CH4","obs"
1931,1077.490224,"CH4_concentration","ppbv CH4","obs"
1932,1081.960225,"CH4_concentration","ppbv CH4","obs"
1933,1086.540334,"CH4_concentration","ppbv CH4","obs"
1934,1091.770294,"CH4_concentration","ppbv CH4","obs"
1935,1097.080129,"CH4_concentration","ppbv CH4","obs"
1936,1101.830302,"CH4_concentration","ppbv CH4","obs"
1937,1106.319987,"CH4_concentration","ppbv CH4","obs"
1938,1110.630798,"CH4_concentration","ppbv CH4","obs"
1939,1116.909678,"CH4_concentration","ppbv CH4","obs"
1940,1120.120178,"CH4_concentration","ppbv CH4","obs"
1941,1123.240509,"CH4_concentration","ppbv CH4","obs"
1942,1128.190155,"CH4_concentration","ppbv CH4","obs"
1943,1132.660156,"CH4_concentration","ppbv CH4","obs"
1944,1136.27006,"CH4_concentration","ppbv CH4","obs"
1945,1139.320363,"CH4_concentration","ppbv CH4","obs"
1946,1143.660492,"CH4_concentration","ppbv CH4","obs"
1947,1149.640299,"CH4_concentration","ppbv CH4","obs"
1948,1155.630168,"CH4_concentration","ppbv CH4","obs"
1949,1160.349945,"CH4_concentration","ppbv CH4","obs"
1950,1163.820567,"CH4_concentration","ppbv CH4","obs"
1951,1168.81012,"CH4_concentration","ppbv CH4","obs"
1952,1174.310883,"CH4_concentration","ppbv CH4","obs"
1953,1183.360657,"CH4_concentration","ppbv CH4","obs"
1954,1194.430603,"CH4_concentration","ppbv CH4","obs"
1955,1206.65093,"CH4_concentration","ppbv CH4","obs"
1956,1221.1008,"CH4_concentration","ppbv CH4","obs"
1957,1235.800181,"CH4_concentration","ppbv CH4","obs"
1958,1247.420481,"CH4_concentration","ppbv CH4","obs"
1959,1257.320079,"CH4_concentration","ppbv CH4","obs"
1960,1264.119873,"CH4_concentration","ppbv CH4","obs"
1961,1269.461528,"CH4_concentration","ppbv CH4","obs"
1962,1282.571289,"CH4_concentration","ppbv CH4","obs"
1963,1300.790578,"CH4_concentration","ppbv CH4","obs"
1964,1317.370453,"CH4_concentration","ppbv CH4","obs"
1965,1331.060282,"CH4_concentration","ppbv CH4","obs"
1966,1342.240509,"CH4_concentration","ppbv CH4","obs"
1967,1354.271556,"CH4_concentration","ppbv CH4","obs"
1968,1371.650462,"CH4_concentration","ppbv CH4","obs"
1969,1389.341756,"CH4_concentration","ppbv CH4","obs"
1970,1411.100515,"CH4_concentration","ppbv CH4","obs"
1971,1431.120962,"CH4_concentration","ppbv CH4","obs"
1972,1449.290019,"CH4_concentration","ppbv CH4","obs"
1973,1462.860677,"CH4_concentration","ppbv CH4","obs"
1974,1476.14091,"CH4_concentration","ppbv CH4","obs"
1975,1491.740967,"CH4_concentration","ppbv CH4","obs"
1976,1509.110952,"CH4_concentration","ppbv CH4","obs"
1977,1527.680949,"CH4_concentration","ppbv CH4","obs"
1978,1546.8909,"CH4_concentration","ppbv CH4","obs"
1979,1566.160858,"CH4_concentration","ppbv CH4","obs"
1980,1584.940735,"CH4_concentration","ppbv CH4","obs"
1981,1602.650625,"CH4_concentration","ppbv CH4","obs"
1982,1618.73054,"CH4_concentration","ppbv CH4","obs"
1983,1632.620148,"CH4_concentration","ppbv CH4","obs"
1984,1644.84,"CH4_concentration","ppbv CH4","obs"
1985,1657.29,"CH4_concentration","ppbv CH4","obs"
1986,1670.09,"CH4_concentration","ppbv CH4","obs"
1987,1682.7,"CH4_concentration","ppbv CH4","obs"
1988,1693.21,"CH4_concentration","ppbv CH4","obs"
1989,1704.53,"CH4_concentration","ppbv CH4","obs"
1990,1714.47,"CH4_concentration","ppbv CH4","obs"
1991,1724.76,"CH4_concentration","ppbv CH4","obs"
1992,1735.48,"CH4_concentration","ppbv CH4","obs"
1993,1736.48,"CH4_concentration","ppbv CH4","obs"
1994,1742.05,"CH4_concentration","ppbv CH4","obs"
1995,1748.88,"CH4_concentration","ppbv CH4","obs"
1996,1751.3,"CH4_concentration","ppbv CH4","obs"
1997,1754.51,"CH4_concentration","ppbv CH4","obs"
1998,1765.54,"CH4_concentration","ppbv CH4","obs"
1999,1772.3,"CH4_concentration","ppbv CH4","obs"
2000,1773.22,"CH4_concentration","ppbv CH4","obs"
2001,1771.29,"CH4_concentration","ppbv CH4","obs"
2002,1772.66,"CH4_concentration","ppbv CH4","obs"
2003,1777.33,"CH4_concentration","ppbv CH4","obs"
2004,1777.02,"CH4_concentration","ppbv CH4","obs"
2005,1774.25,"CH4_concentration","ppbv CH4","obs"
2006,1774.94,"CH4_concentration","ppbv CH4","obs"
2007,1781.38,"CH4_concentration","ppbv CH4","obs"
2008,1787.01,"CH4_concentration","ppbv CH4","obs"
2009,1793.54,"CH4_concentration","ppbv CH4","obs"
2010,1798.89,"CH4_concentration","ppbv CH4","obs"
2011,1803.09,"CH4_concentration","ppbv CH4","obs"
2012,1808.12,"CH4_concentration","ppbv CH4","obs"
2013,1813.42,"CH4_concentration","ppbv CH4","obs"
2014,1822.54,"CH4_concentration","ppbv CH4","obs"
2015,1834.21,"CH4_concentration","ppbv CH4","obs"
1745,276.9859975,"CO2_concentration","ppmv CO2","obs"
1746,277.0139999,"CO2_concentration","ppmv CO2","obs"
1747,277.0439987,"CO2_concentration","ppmv CO2","obs"
1748,277.0799993,"CO2_concentration","ppmv CO2","obs"
1749,277.1090012,"CO2_concentration","ppmv CO2","obs"
1750,277.1470032,"CO2_concentration","ppmv CO2","obs"
1751,277.188001,"CO2_concentration","ppmv CO2","obs"
1752,277.2290014,"CO2_concentration","ppmv CO2","obs"
1753,277.2630005,"CO2_concentration","ppmv CO2","obs"
1754,277.3040034,"CO2_concentration","ppmv CO2","obs"
1755,277.351003,"CO2_concentration","ppmv CO2","obs"
1756,277.3889999,"CO2_concentration","ppmv CO2","obs"
1757,277.4419988,"CO2_concentration","ppmv CO2","obs"
1758,277.489001,"CO2_concentration","ppmv CO2","obs"
1759,277.5399984,"CO2_concentration","ppmv CO2","obs"
1760,277.6050034,"CO2_concentration","ppmv CO2","obs"
1761,277.6639989,"CO2_concentration","ppmv CO2","obs"
1762,277.7320023,"CO2_concentration","ppmv CO2","obs"
1763,277.7959976,"CO2_concentration","ppmv CO2","obs"
1764,277.8590037,"CO2_concentration","ppmv CO2","obs"
1765,277.9129995,"CO2_concentration","ppmv CO2","obs"
1766,277.9580002,"CO2_concentration","ppmv CO2","obs"
1767,278.0169983,"CO2_concentration","ppmv CO2","obs"
1768,278.0779953,"CO2_concentration","ppmv CO2","obs"
1769,278.1350047,"CO2_concentration","ppmv CO2","obs"
1770,278.1939977,"CO2_concentration","ppmv CO2","obs"
1771,278.2700017,"CO2_concentration","ppmv CO2","obs"
1772,278.3339996,"CO2_concentration","ppmv CO2","obs"
1773,278.4119949,"CO2_concentration","ppmv CO2","obs"
1774,278.4909999,"CO2_concentration","ppmv CO2","obs"
1775,278.5860036,"CO2_concentration","ppmv CO2","obs"
1776,278.6829987,"CO2_concentration","ppmv CO2","obs"
1777,278.773997,"CO2_concentration","ppmv CO2","obs"
1778,278.8659999,"CO2_concentration","ppmv CO2","obs"
1779,278.9590022,"CO2_concentration","ppmv CO2","obs"
1780,279.0540034,"CO2_concentration","ppmv CO2","obs"
1781,279.1449992,"CO2_concentration","ppmv CO2","obs"
1782,279.2430013,"CO2_concentration","ppmv CO2","obs"
1783,279.3399989,"CO2_concentration","ppmv CO2","obs"
1784,279.4340007,"CO2_concentration","ppmv CO2","obs"
1785,279.5320028,"CO2_concentration","ppmv CO2","obs"
1786,279.6290003,"CO2_concentration","ppmv CO2","obs"
1787,279.7290014,"CO2_concentration","ppmv CO2","obs"
1788,279.8309987,"CO2_concentration","ppmv CO2","obs"
1789,279.9329987,"CO2_concentration","ppmv CO2","obs"
1790,280.0370026,"CO2_concentration","ppmv CO2","obs"
1791,280.1409988,"CO2_concentration","ppmv CO2","obs"
1792,280.2409973,"CO2_concentration","ppmv CO2","obs"
1793,280.3319982,"CO2_concentration","ppmv CO2","obs"
1794,280.4150009,"CO2_concentration","ppmv CO2","obs"
1795,280.4919968,"CO2_concentration","ppmv CO2","obs"
1796,280.5549952,"CO2_concentration","ppmv CO2","obs"
1797,280.6230011,"CO2_concentration","ppmv CO2","obs"
1798,280.6820043,"CO2_concentration","ppmv CO2","obs"
1799,280.7529984,"CO2_concentration","ppmv CO2","obs"
1800,280.8339971,"CO2_concentration","ppmv CO2","obs"
1801,280.9189987,"CO2_concentration","ppmv CO2","obs"
1802,280.9939957,"CO2_concentration","ppmv CO2","obs"
1803,281.0729955,"CO2_concentration","ppmv CO2","obs"
1804,281.1569977,"CO2_concentration","ppmv CO2","obs"
1805,281.2339961,"CO2_concentration","ppmv CO2","obs"
1806,281.3220011,"CO2_concentration","ppmv CO2","obs"
1807,281.4090017,"CO2_concentration","ppmv CO2","obs"
1808,281.4959997,"CO2_concentration","ppmv CO2","obs"
1809,281.5659968,"CO2_concentration","ppmv CO2","obs"
1810,281.6480026,"CO2_concentration","ppmv CO2","obs"
1811,281.7179972,"CO2_concentration","ppmv CO2","obs"
1812,281.7899984,"CO2_concentration","ppmv CO2","obs"
1813,281.8580017,"CO2_concentration","ppmv CO2","obs"
1814,281.9310048,"CO2_concentration","ppmv CO2","obs"
1815,281.9919968,"CO2_concentration","ppmv CO2","obs"
1816,282.0590007,"CO2_concentration","ppmv CO2","obs"
1817,282.1270014,"CO2_concentration","ppmv CO2","obs"
1818,282.1999995,"CO2_concentration","ppmv CO2","obs"
1819,282.2720057,"CO2_concentration","ppmv CO2","obs"
1820,282.3460007,"CO2_concentration","ppmv CO2","obs"
1821,282.4150035,"CO2_concentration","ppmv CO2","obs"
1822,282.4769999,"CO2_concentration","ppmv CO2","obs"
1823,282.5400009,"CO2_concentration","ppmv CO2","obs"
1824,282.6179962,"CO2_concentration","ppmv CO2","obs"
1825,282.676,"CO2_concentration","ppmv CO2","obs"
1826,282.6929983,"CO2_concentration","ppmv CO2","obs"
1827,282.6929957,"CO2_concentration","ppmv CO2","obs"
1828,282.7080027,"CO2_concentration","ppmv CO2","obs"
1829,282.7609965,"CO2_concentration","ppmv CO2","obs"
1830,282.8249995,"CO2_concentration","ppmv CO2","obs"
1831,282.8909963,"CO2_concentration","ppmv CO2","obs"
1832,282.9219971,"CO2_concentration","ppmv CO2","obs"
1833,282.9659983,"CO2_concentration","ppmv CO2","obs"
1834,283.0279999,"CO2_concentration","ppmv CO2","obs"
1835,283.0859985,"CO2_concentration","ppmv CO2","obs"
1836,283.1489995,"CO2_concentration","ppmv CO2","obs"
1837,283.1980006,"CO2_concentration","ppmv CO2","obs"
1838,283.2530034,"CO2_concentration","ppmv CO2","obs"
1839,283.3109996,"CO2_concentration","ppmv CO2","obs"
1840,283.3820012,"CO2_concentration","ppmv CO2","obs"
1841,283.4669978,"CO2_concentration","ppmv CO2","obs"
1842,283.5279999,"CO2_concentration","ppmv CO2","obs"
1843,283.5660019,"CO2_concentration","ppmv CO2","obs"
1844,283.6089986,"CO2_concentration","ppmv CO2","obs"
1845,283.7249959,"CO2_concentration","ppmv CO2","obs"
1846,283.8470001,"CO2_concentration","ppmv CO2","obs"
1847,283.9359996,"CO2_concentration","ppmv CO2","obs"
1848,284.0679983,"CO2_concentration","ppmv CO2","obs"
1849,284.2069982,"CO2_concentration","ppmv CO2","obs"
1850,284.3169988,"CO2_concentration","ppmv CO2","obs"
1851,284.451004,"CO2_concentration","ppmv CO2","obs"
1852,284.5980021,"CO2_concentration","ppmv CO2","obs"
1853,284.7309977,"CO2_concentration","ppmv CO2","obs"
1854,284.8459981,"CO2_concentration","ppmv CO2","obs"
1855,284.9409993,"CO2_concentration","ppmv CO2","obs"
1856,285.0489934,"CO2_concentration","ppmv CO2","obs"
1857,285.2039998,"CO2_concentration","ppmv CO2","obs"
1858,285.3690008,"CO2_concentration","ppmv CO2","obs"
1859,285.5449956,"CO2_concentration","ppmv CO2","obs"
1860,285.7389933,"CO2_concentration","ppmv CO2","obs"
1861,285.9330012,"CO2_concentration","ppmv CO2","obs"
1862,286.100001,"CO2_concentration","ppmv CO2","obs"
1863,286.2710012,"CO2_concentration","ppmv CO2","obs"
1864,286.4420013,"CO2_concentration","ppmv CO2","obs"
1865,286.6139959,"CO2_concentration","ppmv CO2","obs"
1866,286.7809982,"CO2_concentration","ppmv CO2","obs"
1867,286.9550018,"CO2_concentration","ppmv CO2","obs"
1868,287.1050008,"CO2_concentration","ppmv CO2","obs"
1869,287.2249985,"CO2_concentration","ppmv CO2","obs"
1870,287.3549983,"CO2_concentration","ppmv CO2","obs"
1871,287.4940008,"CO2_concentration","ppmv CO2","obs"
1872,287.6639964,"CO2_concentration","ppmv CO2","obs"
1873,287.8600006,"CO2_concentration","ppmv CO2","obs"
1874,288.0609996,"CO2_concentration","ppmv CO2","obs"
1875,288.2910029,"CO2_concentration","ppmv CO2","obs"
1876,288.5199966,"CO2_concentration","ppmv CO2","obs"
1877,288.7520014,"CO2_concentration","ppmv CO2","obs"
1878,288.9930013,"CO2_concentration","ppmv CO2","obs"
1879,289.2210007,"CO2_concentration","ppmv CO2","obs"
1880,289.4699987,"CO2_concentration","ppmv CO2","obs"
1881,289.736997,"CO2_concentration","ppmv CO2","obs"
1882,290.0190023,"CO2_concentration","ppmv CO2","obs"
1883,290.2630005,"CO2_concentration","ppmv CO2","obs"
1884,290.5119985,"CO2_concentration","ppmv CO2","obs"
1885,290.7969971,"CO2_concentration","ppmv CO2","obs"
1886,291.0999959,"CO2_concentration","ppmv CO2","obs"
1887,291.4139989,"CO2_concentration","ppmv CO2","obs"
1888,291.7630005,"CO2_concentration","ppmv CO2","obs"
1889,292.1130015,"CO2_concentration","ppmv CO2","obs"
1890,292.4579976,"CO2_concentration","ppmv CO2","obs"
1891,292.8159993,"CO2_concentration","ppmv CO2","obs"
1892,293.1669998,"CO2_concentration","ppmv CO2","obs"
1893,293.4769999,"CO2_concentration","ppmv CO2","obs"
1894,293.7909978,"CO2_concentration","ppmv CO2","obs"
1895,294.0789973,"CO2_concentration","ppmv CO2","obs"
1896,294.3649979,"CO2_concentration","ppmv CO2","obs"
1897,294.6459986,"CO2_concentration","ppmv CO2","obs"
1898,294.9539998,"CO2_concentration","ppmv CO2","obs"
1899,295.299998,"CO2_concentration","ppmv CO2","obs"
1900,295.6749954,"CO2_concentration","ppmv CO2","obs"
1901,296.0069987,"CO2_concentration","ppmv CO2","obs"
1902,296.3249995,"CO2_concentration","ppmv CO2","obs"
1903,296.6539968,"CO2_concentration","ppmv CO2","obs"
1904,296.9539948,"CO2_concentration","ppmv CO2","obs"
1905,297.2889964,"CO2_concentration","ppmv CO2","obs"
1906,297.6619975,"CO2_concentration","ppmv CO2","obs"
1907,298.0979945,"CO2_concentration","ppmv CO2","obs"
1908,298.5179901,"CO2_concentration","ppmv CO2","obs"
1909,298.9359919,"CO2_concentration","ppmv CO2","obs"
1910,299.3769964,"CO2_concentration","ppmv CO2","obs"
1911,299.8289922,"CO2_concentration","ppmv CO2","obs"
1912,300.3529917,"CO2_concentration","ppmv CO2","obs"
1913,300.9099935,"CO2_concentration","ppmv CO2","obs"
1914,301.4189911,"CO2_concentration","ppmv CO2","obs"
1915,301.9369888,"CO2_concentration","ppmv CO2","obs"
1916,302.4849879,"CO2_concentration","ppmv CO2","obs"
1917,303.0109889,"CO2_concentration","ppmv CO2","obs"
1918,303.4489873,"CO2_concentration","ppmv CO2","obs"
1919,303.8139877,"CO2_concentration","ppmv CO2","obs"
1920,304.2459869,"CO2_concentration","ppmv CO2","obs"
1921,304.5999883,"CO2_concentration","ppmv CO2","obs"
1922,304.9449819,"CO2_concentration","ppmv CO2","obs"
1923,305.2709834,"CO2_concentration","ppmv CO2","obs"
1924,305.6299845,"CO2_concentration","ppmv CO2","obs"
1925,305.8129807,"CO2_concentration","ppmv CO2","obs"
1926,305.9539846,"CO2_concentration","ppmv CO2","obs"
1927,306.1769867,"CO2_concentration","ppmv CO2","obs"
1928,306.3289795,"CO2_concentration","ppmv CO2","obs"
1929,306.4949875,"CO2_concentration","ppmv CO2","obs"
1930,306.6199773,"CO2_concentration","ppmv CO2","obs"
1931,306.8219833,"CO2_concentration","ppmv CO2","obs"
1932,307.0929794,"CO2_concentration","ppmv CO2","obs"
1933,307.4019801,"CO2_concentration","ppmv CO2","obs"
1934,307.7849833,"CO2_concentration","ppmv CO2","obs"
1935,308.2269796,"CO2_concentration","ppmv CO2","obs"
1936,309.0119731,"CO2_concentration","ppmv CO2","obs"
1937,309.7639745,"CO2_concentration","ppmv CO2","obs"
1938,310.2939758,"CO2_concentration","ppmv CO2","obs"
1939,310.850975,"CO2_concentration","ppmv CO2","obs"
1940,311.3569768,"CO2_concentration","ppmv CO2","obs"
1941,311.8109741,"CO2_concentration","ppmv CO2","obs"
1942,312.1719767,"CO2_concentration","ppmv CO2","obs"
1943,312.389979,"CO2_concentration","ppmv CO2","obs"
1944,312.4129715,"CO2_concentration","ppmv CO2","obs"
1945,312.3849767,"CO2_concentration","ppmv CO2","obs"
1946,312.3899714,"CO2_concentration","ppmv CO2","obs"
1947,312.4859721,"CO2_concentration","ppmv CO2","obs"
1948,312.5209681,"CO2_concentration","ppmv CO2","obs"
1949,312.6319707,"CO2_concentration","ppmv CO2","obs"
1950,312.8209763,"CO2_concentration","ppmv CO2","obs"
1951,313.013972,"CO2_concentration","ppmv CO2","obs"
1952,313.3419774,"CO2_concentration","ppmv CO2","obs"
1953,313.7299678,"CO2_concentration","ppmv CO2","obs"
1954,314.0949682,"CO2_concentration","ppmv CO2","obs"
1955,314.4149704,"CO2_concentration","ppmv CO2","obs"
1956,314.6979675,"CO2_concentration","ppmv CO2","obs"
1957,314.9919612,"CO2_concentration","ppmv CO2","obs"
1958,315.3449656,"CO2_concentration","ppmv CO2","obs"
1959,315.98,"CO2_concentration","ppmv CO2","obs"
1960,316.91,"CO2_concentration","ppmv CO2","obs"
1961,317.64,"CO2_concentration","ppmv CO2","obs"
1962,318.45,"CO2_concentration","ppmv CO2","obs"
1963,318.99,"CO2_concentration","ppmv CO2","obs"
1964,319.62,"CO2_concentration","ppmv CO2","obs"
1965,320.04,"CO2_concentration","ppmv CO2","obs"
1966,321.37,"CO2_concentration","ppmv CO2","obs"
1967,322.18,"CO2_concentration","ppmv CO2","obs"
1968,323.05,"CO2_concentration","ppmv CO2","obs"
1969,324.62,"CO2_concentration","ppmv CO2","obs"
1970,325.68,"CO2_concentration","ppmv CO2","obs"
1971,326.32,"CO2_concentration","ppmv CO2","obs"
1972,327.46,"CO2_concentration","ppmv CO2","obs"
1973,329.68,"CO2_concentration","ppmv CO2","obs"
1974,330.19,"CO2_concentration","ppmv CO2","obs"
1975,331.13,"CO2_concentration","ppmv CO2","obs"
1976,332.03,"CO2_concentration","ppmv CO2","obs"
1977,333.84,"CO2_concentration","ppmv CO2","obs"
1978,335.41,"CO2_concentration","ppmv CO2","obs"
1979,336.84,"CO2_concentration","ppmv CO2","obs"
1980,338.76,"CO2_concentration","ppmv CO2","obs"
1981,340.12,"CO2_concentration","ppmv CO2","obs"
1982,341.48,"CO2_concentration","ppmv CO2","obs"
1983,343.15,"CO2_concentration","ppmv CO2","obs"
1984,344.87,"CO2_concentration","ppmv CO2","obs"
1985,346.35,"CO2_concentration","ppmv CO2","obs"
1986,347.61,"CO2_concentration","ppmv CO2","obs"
1987,349.31,"CO2_concentration","ppmv CO2","obs"
1988,351.69,"CO2_concentration","ppmv CO2","obs"
1989,353.2,"CO2_concentration","ppmv CO2","obs"
1990,354.45,"CO2_concentration","ppmv CO2","obs"
1991,355.7,"CO2_concentration","ppmv CO2","obs"
1992,356.54,"CO2_concentration","ppmv CO2","obs"
1993,357.21,"CO2_concentration","ppmv CO2","obs"
1994,358.96,"CO2_concentration","ppmv CO2","obs"
1995,360.97,"CO2_concentration","ppmv CO2","obs"
1996,362.74,"CO2_concentration","ppmv CO2","obs"
1997,363.88,"CO2_concentration","ppmv CO2","obs"
1998,366.84,"CO2_concentration","ppmv CO2","obs"
1999,368.54,"CO2_concentration","ppmv CO2","obs"
2000,369.71,"CO2_concentration","ppmv CO2","obs"
2001,371.32,"CO2_concentration","ppmv CO2","obs"
2002,373.45,"CO2_concentration","ppmv CO2","obs"
2003,375.98,"CO2_concentration","ppmv CO2","obs"
2004,377.7,"CO2_concentration","ppmv CO2","obs"
2005,379.98,"CO2_concentration","ppmv CO2","obs"
2006,382.09,"CO2_concentration","ppmv CO2","obs"
2007,384.02,"CO2_concentration","ppmv CO2","obs"
2008,385.83,"CO2_concentration","ppmv CO2","obs"
2009,387.64,"CO2_concentration","ppmv CO2","obs"
2010,390.1,"CO2_concentration","ppmv CO2","obs"
2011,391.85,"CO2_concentration","ppmv CO2","obs"
2012,394.06,"CO2_concentration","ppmv CO2","obs"
2013,396.74,"CO2_concentration","ppmv CO2","obs"
2014,398.81,"CO2_concentration","ppmv CO2","obs"
2015,401.01,"CO2_concentration","ppmv CO2","obs"
